酒店名称,房型名称,RP名称,房型最低价
北大博雅国际酒店,豪华间,豪华客房（城市景观）(内宾),1041.58
北大博雅国际酒店,豪华园林景观房,豪华间(园林景观)(连住2晚及以上),1088.64
北大博雅国际酒店,品致豪华间,(城市景观)(提前14天预订),1088.64
北京JW万豪酒店,豪华间,-预付双早A,1310.16
北京JW万豪酒店,行政房,"Executive Room, Business Lounge Access, Executive Level(含税费)(中宾)",1925.94
北京JW万豪酒店,豪华套房,"Deluxe Suite, 1 Bedroom(含税费)(中宾)",2106.08
北京艾维克酒店,标准间,[无早],589.57
北京艾维克酒店,单人间,[无早](大床),589.57
北京艾维克酒店,商务间,(周末特惠),683.66
北京安徽大厦,高级大床间,(特惠专享)[无早][立即确认],490.22
北京安徽大厦,高级标准间,(双床)(特惠专享)[无早][立即确认],490.22
北京奥加美术馆酒店(原北京奥加饭店),景观商务双床间,景观商务双床房,548.08
北京奥加美术馆酒店(原北京奥加饭店),商务大床房,(手机专享-无早),560.09
北京奥加美术馆酒店(原北京奥加饭店),景观商务大床间,景观商务大床房(手机专享-无早),603.77
北京巴比伦时尚酒店,特惠标准间,特惠双床房(内宾),376.67
北京巴比伦时尚酒店,特惠大床房,(内宾),376.67
北京巴比伦时尚酒店,商务标准房,商务标间(双床)(内宾),468.38
北京百富怡大酒店,公寓高级开间,(内宾),722.77
北京百富怡大酒店,高级客房,高级大床房(内宾),837.41
北京百富怡大酒店,商务客房,商务大床房(内宾),952.05
北京百纳烟台山商务酒店,豪华标准间,豪华间(内宾),788.79
北京百纳烟台山商务酒店,豪华套房,(内宾)(大床),1627.16
北京宝辰饭店,标准双人间,标准间(空气清新房携程专享)(大床),677.64
北京宝辰饭店,行政楼层大床房,行政楼层大床间(双人入住)(白金以上会员特惠)(双早)(特惠大促销),1084.16
北京宝辰饭店,欧式套间,欧式套房(双人入住)(白金以上会员特惠)(双早)(特惠大促销)(大床),1473.93
北京保利大厦,特惠标准间,(双床),562.61
北京保利大厦,豪华大床间,,651.6
北京保利大厦,豪华标准间,豪华标间(双床)(内宾),671.46
北京保利大厦酒店,特惠标准间,(双床),562.61
北京保利大厦酒店,豪华大床间,,651.6
北京保利大厦酒店,豪华标准间,豪华标间(双床)(内宾),671.46
北京北辰五洲皇冠国际酒店,皇冠高级房,皇冠高级间(限时 特惠)[无早],1527.43
北京北辰五洲皇冠国际酒店,皇冠豪华房,皇冠豪华间(限时 特惠)[无早](大床),1854.97
北京北辰五洲皇冠国际酒店,行政高级房,皇冠行政高级间(限时 特惠)[无早],1964.15
北京北辰洲际酒店,洲际豪华房,洲际豪华间(连住2晚及以上)(会员特惠)(特惠大促销)[单早],982.62
北京北辰洲际酒店,洲际观景豪华间,洲际观景客房(特惠大促销)(双人入住)[无早],1412.79
北京北辰洲际酒店,洲际行政房,洲际行政客房(无早),1811.3
北京北方佳苑饭店,标准双人房,标准间（双床）(内宾),743.52
北京北方佳苑饭店,豪华房,Deluxe Double Room(含税费)(中宾),747.88
北京北方佳苑饭店,标准大床房,(内宾),760.98
北京北纬四十度大酒店,特惠单人间,(大床),560.69
北京北纬四十度大酒店,商务标准间,商务标准房 双床,661.63
北京北纬四十度大酒店,豪华标准间,豪华间 双床,685.65
北京贝尔特酒店,贝尔特双床房,-无早,715.13
北京贝尔特酒店,贝尔特大床房,-无早,715.13
北京贝尔特酒店,贝尔特高级双床房,-无早,867.98
北京伯豪瑞廷酒店,高级大床间,(连住2晚及以上)(无早),854.88
北京伯豪瑞廷酒店,行政间,Executive King Nonsmoking(含税费)(中宾),1550.36
北京伯豪瑞廷酒店,豪华间,DOUBLE-DELUXE(含税费)(大床)(中宾),1747.97
北京博大永康商务酒店,标准双人间,标准间(内宾),393.05
北京博大永康商务酒店,商务大床套间,商务套（大床）(内宾),493.49
北京博大永康商务酒店,商务双人套间,商务套间(内宾),502.23
北京博大永康商务酒店(亦庄经济开发区),标准双人间,标准间(内宾),393.05
北京博大永康商务酒店(亦庄经济开发区),商务大床套间,商务套（大床）(内宾),493.49
北京博大永康商务酒店(亦庄经济开发区),商务双人套间,商务套间(内宾),502.23
北京长峰假日酒店,假日高级房,"Room, 1 King Bed, Non Smoking(含税费)(中宾)",621.23
北京长峰假日酒店,假日豪华房,Deluxe Room(含税费)(中宾),772.99
北京长峰假日酒店,高级套房,(内宾),1063.47
北京长富宫饭店,高级房,高级双床间(限量特惠),698.57
北京长富宫饭店,豪华房,Deluxe Room(含税费)(中宾),916.02
北京长富宫饭店,家庭间,,987.41
北京朝阳悠唐皇冠假日酒店,皇冠高级房,"Room, 2 Double Beds, Non Smoking(含税费)(中宾)",888.73
北京朝阳悠唐皇冠假日酒店,皇冠豪华房,Deluxe Room(含税费)(中宾),1049.22
北京朝阳悠唐皇冠假日酒店,皇冠行政房,Club Room(含税费)(中宾),1316.71
北京辰茂鸿翔酒店(原北京鸿翔大厦),高级大床间,-预付无早A,409.43
北京辰茂鸿翔酒店(原北京鸿翔大厦),高级双床间,高级标准间(双床),431.13
北京辰茂鸿翔酒店(原北京鸿翔大厦),豪华标准间,(双床),480.56
北京诚辉商务酒店,经济温馨大床房(无窗),(内宾)[无早],304.61
北京诚辉商务酒店,温馨大床房,温馨大床(内宾),331.91
北京诚辉商务酒店,商务大床房,(内宾),348.28
北京崇文门饭店,普通大床房,普通大床间,586.38
北京崇文门饭店,普通双人间,普通标准间(双床),586.38
北京崇文门饭店,商务双人间,商务标准间(双床)(内宾),694.38
北京船舶重工酒店,商务间,(内宾),556.82
北京船舶重工酒店,行政间,(双床)(内宾),720.59
北京船舶重工酒店,商务套间,(内宾),884.36
北京大成路九号,标准间,标准双人间(双床)(内宾),652.9
北京大成路九号,标准大床间,,685.99
北京大雨澳斯特酒店,单人间,大床间,395.99
北京大雨澳斯特酒店,商务标准间,商务双床间,449.82
北京大雨澳斯特酒店,商务大床间,,449.82
北京德宝饭店,标准间,标准房(大床)(内宾),571.01
北京德宝饭店,商务间,商务大床房(内宾),691.11
北京德宝饭店,豪华商务间,(内宾),734.78
北京德胜饭店,标准间,(今夜特惠)(双床),303.76
北京德胜饭店,商务单人间,(限量促销),352.51
北京德胜饭店,梦百合零压大床间,,411.88
北京德胜门华宇假日酒店,假日高级房,假日高级客房(内宾),633.29
北京德胜门华宇假日酒店,假日无障碍大床房,DOUBLE KING BED NON SMOKING(大床)(内宾),720.58
北京德胜门华宇假日酒店,假日豪华房,"Deluxe Room, Non Smoking(含税费)(双床)(中宾)",779.55
北京地大国际会议中心,中式间,(大床),844.77
北京地大国际会议中心,行政间,(大床),844.77
北京地大国际会议中心,商务套间,(大床)(内宾),1554.72
北京钓鱼台大酒店,商务房,商务间,1101.87
北京东长安饭店,普通标准间,标准间(周末特惠),369.89
北京东长安饭店,豪华标准间,豪华标间(内宾),479.3
北京东长安饭店,套房,套间(双床)(内宾),502.23
北京东方饭店,标准房,标准间,491.84
北京东方饭店,名人居房,"Celebrity Room , Garden View(含税费)(中宾)",709.67
北京东方饭店,商务套房,Business Suite(含税费)(中宾),807.93
北京东方君悦大酒店,君悦客房,"Grand, Grand Room, 1 King Bed(含税费)(中宾)",1312.34
北京东方君悦大酒店,君悦豪华房,"Grand, Deluxe Room, 1 King Bed(含税费)(中宾)",1639.88
北京东方君悦大酒店,君悦景观房,君悦观景客房(不含早),1657.35
北京东航大酒店(原北京东航商务首都机场酒店),标准间,,722.41
北京东航大酒店(原北京东航商务首都机场酒店),大床间,,999999.0
北京东航大酒店(原北京东航商务首都机场酒店),快乐家庭间,,999999.0
北京鄂尔多斯艾力酒店,高级双人间,(双床)(内宾),625.6
北京鄂尔多斯艾力酒店,高级单人间,(度假),638.7
北京鄂尔多斯艾力酒店,商务单人间,(大床)(内宾),745.7
北京二十一世纪饭店,标准间,(双床)(内宾),382.13
北京二十一世纪饭店,高级大床间,(单早),584.11
北京二十一世纪饭店,高级双床间,(单早),600.49
北京法官之家酒店,特惠标准间(无窗),(双床)[无早],518.61
北京法官之家酒店,豪华大床间,(提前1天预订)[无早](大床),554.63
北京法官之家酒店,豪华标准间,(双床)(提前1天预订)[无早],554.63
北京饭店,标准房,普通标准间（限内宾）(不含早),1021.92
北京饭店,A座高级标准房,(双床),1169.68
北京饭店,豪华大床房,豪华大床间(度假),1283.96
北京飞天大厦,商务豪华标准间,商务豪华双床间(内宾),573.2
北京飞天大厦,标准大床房,（无窗）(含单早),636.52
北京飞天大厦,商务豪华大床间,(内宾),687.83
北京丰大国际大酒店,行政两套间,行政双间套(大床)(内宾),1018.65
北京丰大国际大酒店,家庭套间,家庭套房(双床)(内宾),1069.96
北京丰大国际大酒店,景观健身大床间,,999999.0
北京福地凰城酒店,标准间,标准房 双床,639.79
北京福地凰城酒店,商务标准间,商务房 双床,707.49
北京福地凰城酒店,标准大床房,Standard Double Room(中宾),722.77
北京福建大厦,标准双人间,-无早特惠,469.47
北京福建大厦,标准大床间,-无早特惠,469.47
北京福建大厦,商务双人间,-单早特惠,633.24
北京府右街宾馆,商务大床间C,商务大床房C,392.57
北京府右街宾馆,商务标间C,(双床)(内宾),479.3
北京府右街宾馆,商务大床间B,商务大床B(内宾),605.95
北京富力万丽酒店,商务房,高级商务间,1105.99
北京富力万丽酒店,行政客房,行政房[双早],1503.41
北京富力万丽酒店,高级行政房,(双早)(大床),1650.8
北京港澳中心瑞士酒店,精选房,(提前21天预订),568.69
北京港澳中心瑞士酒店,瑞士商务间,瑞士商务房(提前21天预订),655.59
北京港澳中心瑞士酒店,商务经典间,商务经典房(提前21天预订)(大床),830.5
北京歌华开元大酒店,高级双床房,高级间(特惠大促销)(双人入住)[无早],797.01
北京歌华开元大酒店,高级大床房,高级大床间(特惠大促销)(双人入住)[无早],797.01
北京歌华开元大酒店,商务双床房,(特惠大促销)(双人入住)[无早],882.17
北京共济国际酒店,商务客房,(双人入住)[无早],414.88
北京共济国际酒店,豪华房,[双早],676.92
北京广安门维景国际大酒店,维景豪华双人间,豪华双床房(含税费)(中宾),775.18
北京广安门维景国际大酒店,维景豪华大床间,豪华特大床房(含税费)(中宾),775.18
北京广安门维景国际大酒店,商务贵宾间,(大床)(内宾),1111.45
北京广播大厦酒店,标准间,标准双床房(内宾),666.0
北京广播大厦酒店,标准大床房,(内宾),666.0
北京广播大厦酒店,商务大床房,(内宾),720.59
北京广电国际酒店,舒适双人间,舒适标准间(双床),591.91
北京广电国际酒店,美辰观景房,美辰景观房(大床),732.86
北京广电国际酒店,高级客房,高级大床房(早/午餐),851.35
北京广西大厦,商务标准间,(内宾)(双床),492.25
北京广西大厦,商务大床间,(内宾),560.09
北京广西大厦,商务套间,(大床),1226.56
北京广州大厦,标准大床间,(2间起订),666.72
北京广州大厦,标准双床间,(2间起订),666.72
北京贵宾楼饭店,豪华房,豪华间[无早](大床),922.57
北京贵宾楼饭店,超豪华房,-独家不含早,1310.16
北京贵宾楼饭店,故宫景双床间,(限时 特惠)[无早],1473.93
北京贵都大酒店,商务高级间,(大床),690.72
北京贵都大酒店,行政豪华间,行政豪华大床间(2间起订)[无早](大床),818.85
北京贵都大酒店,商务经典间,双床(内宾),860.34
北京贵州大厦,高级双床间,,610.86
北京贵州大厦,高级大床间,,650.39
北京贵州大厦,行政双人房,行政双床间,848.08
北京国安宾馆,商务房,DOUBLE-BUSINESS(含税费)(大床)(中宾),452.01
北京国安宾馆,商务套间,SUITE-BUSINESS(含税费)(中宾),637.61
北京国宾酒店,高级房,-限时甩卖,687.83
北京国宾酒店,豪华房,(不含早),789.37
北京国宾酒店,开放式套间,开放式套房(提前1天预订)(限时 特惠)[无早](大床),1071.06
北京国都大饭店,高级间,(周末促销),469.79
北京国都大饭店,豪华间,(提前21天预订),670.41
北京国都大饭店,高级复式套,Standard Loft(含税费)(中宾),816.67
北京国宏宾馆,普通间,(限时促销)(专享价)[无早],534.98
北京国宏宾馆,豪华间,豪华大床间(智慧清新房携程专享),666.72
北京国宏宾馆,普通套间,标准套间[无早],906.19
北京国际饭店,标准楼层标准客房,标准双床间(内宾),731.51
北京国际饭店,商务楼层标准客房,商务大床间(内宾),802.47
北京国际饭店,行政楼层标准客房,行政大床间(内宾),917.11
北京国际艺苑皇冠假日饭店（预付）,皇冠标准客房,皇冠高级房(无早)(今日特惠),739.15
北京国际艺苑皇冠假日饭店（预付）,商务房,"Premier Room, 1 King Bed, Non Smoking(含税费)(中宾)",908.38
北京国际艺苑皇冠假日饭店（预付）,皇冠豪华房,Deluxe Room(含税费)(中宾),1266.49
北京国际艺苑皇冠假日酒店,皇冠标准客房,皇冠高级房(无早)(今日特惠),739.15
北京国际艺苑皇冠假日酒店,商务房,"Premier Room, 1 King Bed, Non Smoking(含税费)(中宾)",908.38
北京国际艺苑皇冠假日酒店,皇冠豪华房,Deluxe Room(含税费)(中宾),1266.49
北京国际竹藤大厦,标准大床房,-（无早）,485.85
北京国家会议中心大酒店,高级房,"Superior Room, 2 Twin Beds(含税费)(中宾)",681.28
北京国家会议中心大酒店,行政高级间,Executive Superior Room(含税费)(中宾),866.89
北京国家会议中心大酒店,豪华间,-预付含早A,928.03
北京国贸大酒店,行政房,行政双床房(单人入住)(单早)(连住2晚及以上),1692.29
北京国贸大酒店,超豪华房,超豪华大床房(单人入住)(单早)(连住2晚及以上),2019.83
北京国贸大酒店,特选超豪华房,(单人入住)(单早)(连住2晚及以上)(大床),2565.73
北京国贸饭店,超豪华双床间,超豪华双床房(双人入住)(连住2晚及以上)(无早)(金牌以上会员特惠),1228.28
北京国贸饭店,超豪华大床房,(双人入住)(连住2晚及以上)(无早)(金牌以上会员特惠),1228.28
北京国贸饭店,行政房,行政客房(单人入住)(单早)(金牌以上会员特惠)(大床),1553.63
北京国玉大酒店,单人间,(大床),489.13
北京国玉大酒店,标准间,(双床),503.75
北京国玉大酒店,商务间,(大床),562.28
北京海淀永泰福朋喜来登酒店,高级客房,Superior Room(含税费)(中宾),774.09
北京海淀永泰福朋喜来登酒店,行政客房,Executive Room(含税费)(中宾),1186.79
北京海淀永泰福朋喜来登酒店,豪华套房,Deluxe Suite(含税费)(中宾),1806.93
北京海润艾丽华酒店及服务公寓,复式套房,复式套间(提前21天预订),829.61
北京海润艾丽华酒店及服务公寓,行政复式套房,行政复式套间(提前7天预订)(大床),1066.56
北京海润艾丽华酒店及服务公寓,高级房,高级间(双床),1631.73
北京海运国际酒店,迷你单人间,(内宾),494.21
北京海运国际酒店,标准间,标准双床间(内宾),520.34
北京海运国际酒店,普通标准间,普通楼层标准双床间[普通标准双床间（双早）],532.8
北京好特热温泉酒店,单人房(无窗),单人间（无窗）(含单早),397.42
北京好特热温泉酒店,商务双人房,商务双床间,619.29
北京好特热温泉酒店,商务大床房,商务大床间(含双早),696.57
北京好苑建国酒店,商务双人间,商务间(内宾),699.84
北京好苑建国酒店,商务大床间,,753.34
北京好苑建国酒店,豪华双人房,豪华标间(内宾),906.19
北京合美汇通国际酒店,豪华标准房,豪华双床房(内宾),492.4
北京合美汇通国际酒店,豪华单人房,豪华大床房(内宾),492.4
北京合美汇通国际酒店,商务套房,(双早)(会员特惠)(大床),871.26
北京和平里大酒店,标准房,标准间(双床),655.84
北京和平里大酒店,大床房,大床间,655.84
北京和平里大酒店,贵宾房,,999999.0
北京和乔丽致酒店,标准双床间,(不含早),562.28
北京和乔丽致酒店,标准大床间,(不含早),562.28
北京和乔丽致酒店,复式商务套间,(大床)(特惠专享)[无早][立即确认],829.77
北京河南大厦,豪华双人房,豪华标准间(双床),569.4
北京河南大厦,豪华单人间,豪华大床间,658.41
北京河南大厦,商务房,商务大床房(内宾),854.88
北京洪城铭豪商务酒店,普通大床房(无窗),普通大床间(无窗)(提前2天预订)(内宾),392.57
北京洪城铭豪商务酒店,普通标准房(无窗),普通标准间(无窗)(内宾)(双床),490.93
北京洪城铭豪商务酒店,商务大床房,(内宾),514.24
北京湖南大厦,标准大床间,标准大床房(含单早),740.24
北京湖南大厦,标准双人间,标准双床房(度假（单早）),740.24
北京湖南大厦,商务双人间,商务双床房(含单早),794.83
北京华滨国际大酒店,高级大床房,-预付无早A,660.54
北京华滨国际大酒店,高级双人房,-预付无早A,704.21
北京华滨国际大酒店,高级景观房,-预付无早A,769.72
北京华侨大厦,高级客房,-限时甩卖(大床),860.34
北京华侨大厦,豪华客房,豪华间,931.14
北京华侨大厦,家庭间,(特惠大促销)(双人入住)[无早],1021.92
北京华腾美居酒店,高级客房,(特惠专享)(非online)[无早],610.32
北京华腾美居酒店,嘉宾客房,Twin/Double room - Privilege(内宾),893.38
北京华腾美居酒店,嘉宾套房,"Privilege, Junior Suite(内宾)",970.61
北京华威商务酒店,商务套房(大床),商务套间（大床）(内宾),616.87
北京华威商务酒店,商务套房(双床),商务套间（双床）(内宾),616.87
北京华威商务酒店,豪华套房(大床),,709.7
北京皇苑大酒店,双床标准间,标准间双床(内宾),548.08
北京皇苑大酒店,普通套间,(大床)(内宾),766.44
北京皇苑大酒店,商务套间,豪华套间(大床)(内宾),1064.51
北京惠侨饭店(外经贸店),标准间,标准双人间(双床),388.68
北京惠侨饭店(外经贸店),商务间,-甩房双早,529.52
北京惠侨饭店(外经贸店),行政套间,(大床)(内宾),997.91
北京佳龙阳光酒店(朝阳门店),单人间,单人房(内宾),307.89
北京佳龙阳光酒店(朝阳门店),经济大床房,经济大床(内宾),396.32
北京佳龙阳光酒店(朝阳门店),经济双人间,经济双床(内宾),399.6
北京嘉里大酒店(原香格里拉嘉里中心大酒店),豪华双床房,(内宾)(无早)(会员特惠),1159.49
北京嘉里大酒店(原香格里拉嘉里中心大酒店),豪华大床房,(内宾)(无早)(会员特惠),1159.49
北京嘉里大酒店(原香格里拉嘉里中心大酒店),嘉里阁豪华房,嘉里阁豪华客房大床间(单人入住)(单早),1483.76
北京建晋东方宾馆,普通双人间,(公卫)(内宾)(双床),243.95
北京建晋东方宾馆,普通三人间,(内宾)(无独立卫生间),322.64
北京建晋东方宾馆,标准双人间,标准两人间(内宾)(双床),361.99
北京江苏大厦,7号楼普通标准间,,976.09
北京江苏大厦,7号楼豪华标准间,,1173.68
北京江苏大厦,7号楼豪华行政套间,(大床),2054.93
北京江西大酒店,豪华大床房,(5间起订)[双早],453.1
北京江西大酒店,豪华标准房,(5间起订)[双早](双床),453.1
北京江西大酒店,豪华套房,(大床)(内宾),1089.62
北京今日五洲酒店,豪华间C,,999999.0
北京今日五洲酒店,标准间,,999999.0
北京今日五洲酒店,豪华间A,,999999.0
北京金鼎弘泰大酒店,商务标准间,标准双床房(限时抢订),363.57
北京金鼎弘泰大酒店,豪华套间,,492.0
北京金鼎弘泰大酒店,精品双床间,,999999.0
北京金都假日酒店,假日高级房,高级房(内宾),682.38
北京金都假日酒店,假日豪华房,豪华房(内宾),783.91
北京金都假日酒店,商务客房,"Business Room, 1 King Bed, Non Smoking(含税费)(中宾)",799.2
北京金霖酒店,特惠房,(大床),590.2
北京金霖酒店,舒适大床间,,668.89
北京金霖酒店,豪华大床间,,785.62
北京金龙潭大饭店,豪华大床间,(内宾),628.88
北京金龙潭大饭店,高级间,(内宾),697.66
北京金龙潭大饭店,高级商务房,高级商务间(大床)(内宾),743.52
北京金辇酒店(山西大厦),豪华标准房,豪华标间（限时抢购）豪华标准间（限时抢购）,522.97
北京金辇酒店(山西大厦),豪华单人房,豪华单间(大床)(内宾),720.59
北京金辇酒店(山西大厦),豪华商务单人房,豪华商务大床间,986.53
北京金融街国际酒店,高级房,,834.52
北京金融街国际酒店,豪华房,(连住2晚及以上)(无早),1002.27
北京金融街国际酒店,商务豪华房,商务豪华间(连住2晚及以上)(无早)(大床),1218.45
北京金融街威斯汀大酒店,威斯汀客房,Westin Room(含税费)(中宾),1263.21
北京金融街威斯汀大酒店,威斯汀豪华客房,Westin Deluxe Room(含税费)(中宾),1429.17
北京金融街威斯汀大酒店,威斯汀行政客房,Executive Room (Executive Club)(含税费)(中宾),1985.98
北京金融街洲际酒店,高级房,,834.52
北京金融街洲际酒店,豪华房,(连住2晚及以上)(无早),1002.27
北京金融街洲际酒店,商务豪华房,商务豪华间(连住2晚及以上)(无早)(大床),1218.45
北京金隅喜来登酒店,豪华客房,Deluxe Room (Class)(含税费)(中宾),1143.11
北京金隅喜来登酒店,顶级客房,Premier Room (Class)(含税费)(中宾),1384.4
北京金隅喜来登酒店,行政客房,Club Room (Class)(含税费)(中宾),1571.1
北京京滨饭店,商务精选双床间,商务智选双床房,506.01
北京京滨饭店,商务精选大床房,,506.01
北京京滨饭店,标准双人间,商务臻选双床房,548.08
北京京海饭店,单人间A,(内宾)(大床),359.09
北京京海饭店,双人间A,(双床)(内宾),410.52
北京京海饭店,套间,(内宾)(大床),438.84
北京京瑞温泉国际酒店(原京瑞大厦),标准客房,标准间(双床)(内宾),631.06
北京京瑞温泉国际酒店(原京瑞大厦),豪华房,豪华间(内宾),687.83
北京京瑞温泉国际酒店(原京瑞大厦),行政楼层标准房,行政标准大床房(内宾),802.47
北京京仪大酒店,负离子健康商务大床间,负离子健康商务大床房(内宾),650.71
北京京仪大酒店,负离子健康商务双床间,负离子健康商务双床房(内宾),708.58
北京京仪大酒店,负离子绿色行政客房,负离子健康行政间(特惠)(无早)(大床),1146.39
北京景都桂龙大酒店,经济大床房(无窗),经济大床房（无窗）(内宾),524.06
北京景都桂龙大酒店,高级大床房,(内宾),559.0
北京景都桂龙大酒店,时尚圆床间,时尚圆床房(内宾),598.31
北京君安宾馆,特惠房,特惠标间(内宾),375.58
北京君安宾馆,商务大床房,(内宾),387.59
北京君安宾馆,标准双床房,商务标间(内宾),399.6
北京凯迪克格兰云天大酒店,高级房,高级间(内宾),772.99
北京凯迪克格兰云天大酒店,精致双床间,精致双床房(内宾),823.22
北京凯迪克格兰云天大酒店,精致大床房,(内宾),823.22
北京凯富酒店,豪华间,豪华标准间(单早)(钻石会员),592.85
北京凯富酒店,商务套间,(中宾)[单早],702.03
北京客如家快捷酒店,普通大床间,普通大床(内宾),318.81
北京客如家快捷酒店,普通标准间,普通标间(双床)(内宾),318.81
北京客如家快捷酒店,商务大床间,商务大床房(内宾),338.46
北京空港世纪商务精选酒店,特惠双床,间,215.82
北京空港世纪商务精选酒店,特惠大床房,特惠大床间,215.82
北京空港世纪商务精选酒店,商务双床,间,372.47
北京昆仑饭店,豪华大床房,(含单早),1146.39
北京昆仑饭店,豪华双床房,(会员优惠-单早),1146.39
北京昆仑饭店,商务豪华房,(提前7天预订)(大床),1196.04
北京昆泰嘉华酒店,行政间,标准房 大床,764.26
北京昆泰嘉华酒店,标准双床间,[无早],766.44
北京昆泰嘉华酒店,豪华大床间,[无早],805.75
北京昆泰酒店,豪华双人间,豪华间(提前3天预订),1137.72
北京昆泰酒店,行政大床间,行政间(提前3天预订)(大床),1396.93
北京昆泰酒店,行政豪华间,(连住2晚及以上)(大床),1649.85
北京丽都皇冠假日酒店,皇冠高级房,皇冠高级客房(内宾),829.9
北京丽都皇冠假日酒店,皇冠豪华房,皇冠豪华客房(内宾),1191.12
北京丽都皇冠假日酒店,皇冠景观房,Crowne Plaza Special View Room(内宾),1305.43
北京丽都维景酒店(原北京丽都假日酒店),假日高级房,(特惠大促销)(双人入住)[无早],615.78
北京丽都维景酒店(原北京丽都假日酒店),假日豪华客房,假日豪华房(特惠大促销)(双人入住)[无早],782.82
北京丽都维景酒店(原北京丽都假日酒店),假日高级套房,(特惠大促销)(双人入住)[无早](大床),1227.18
北京丽豪酒店(首都机场国展店),经济标准间,(今夜甩卖)(双床),194.76
北京丽豪酒店(首都机场国展店),商务大床房,(特惠),343.87
北京丽豪酒店(首都机场国展店),商务标准间,(特惠)(双床),370.52
北京丽晶酒店,豪华间,-单早,1157.31
北京丽晶酒店,贵宾间,-无早,1288.32
北京丽晶酒店,行政间,-11111,1757.8
北京丽晶星酒店,经济单人间,(无窗)(公共卫浴)(内宾)(无独立卫生间)(大床),302.97
北京丽晶星酒店,普通单人房,普通单人间(无窗)(内宾)(无独立卫生间),302.97
北京丽晶星酒店,旅行双人间,（公共卫浴）(无窗)(内宾)(无独立卫生间)(双床),361.99
北京丽思卡尔顿酒店(华贸中心),豪华间,Deluxe Room(含税费)(中宾),1550.36
北京丽思卡尔顿酒店(华贸中心),行政楼层豪华间,Club Room(含税费)(中宾),2332.08
北京丽思卡尔顿酒店(华贸中心),豪华园景房,豪华花园景观房(无早),2858.33
北京丽亭华苑酒店,高级间,Superior Room(含税费)(中宾),650.71
北京丽亭华苑酒店,豪华间,Deluxe Room(含税费)(中宾),752.25
北京丽亭华苑酒店,行政高级间,(内宾),1178.05
北京丽亭酒店,高级间,(提前7天预订)[双早],873.44
北京丽亭酒店,豪华间,豪华房(含税费)(中宾),1042.67
北京丽亭酒店,丽亭商务间,,1087.28
北京励骏酒店,豪华大床房,(大床)(特惠大促销)(双人入住)[无早],1233.73
北京励骏酒店,豪华双床房,(双床)(特惠大促销)(双人入住)[无早],1310.16
北京励骏酒店,尊贵会豪华客房,尊贵会豪华大床房(大床)(非online)(单早),1834.22
北京辽宁大厦,豪华大床间,[无早],685.65
北京辽宁大厦,商务豪华间,[无早](大床),840.69
北京辽宁大厦,行政高级大床间,[单早],949.87
北京辽宁饭店,行政豪华标准间,,999999.0
北京辽宁饭店,行政普通标间,,999999.0
北京辽宁饭店,行政套房,,999999.0
北京临空皇冠假日酒店,皇冠高级房,(提前1天预订)(双早),818.85
北京临空皇冠假日酒店,皇冠豪华客房,皇冠豪华房(提前1天预订)(双早),928.03
北京临空皇冠假日酒店,皇冠行政房,(提前1天预订)(双早),1146.39
北京美豪富邦国际酒店,A座舒适单人间,舒适单人间,364.92
北京美豪富邦国际酒店,舒适双床间,舒适双床房(内宾),401.78
北京美豪富邦国际酒店,A座豪华大床间,豪华大床间(内宾),442.18
北京美泉宫饭店,精致商务房,(大床)(内宾),573.2
北京美泉宫饭店,高级商务房,高级商务间（双床间）(内宾),653.99
北京美泉宫饭店,温馨套房,(大床),669.88
北京民族饭店,商务双床间,商务标间（双床）(内宾),628.88
北京民族饭店,商务大床间,商务标间（大床）(内宾),743.52
北京民族饭店,行政间,(大床),964.74
北京名人国际大酒店,标准双床间,标准间（双床）(内宾),885.45
北京名人国际大酒店,标准大床间,标准间（大床）(内宾),896.37
北京名人国际大酒店,商务套间,(连住2晚及以上)(春节特惠)(双早),1233.73
北京名人国际大酒店(凯莱集团),标准双床间,标准间（双床）(内宾),885.45
北京名人国际大酒店(凯莱集团),标准大床间,标准间（大床）(内宾),896.37
北京名人国际大酒店(凯莱集团),商务套间,(连住2晚及以上)(春节特惠)(双早),1233.73
北京明豪戴斯酒店,高级房,高级间(提前21天预订),410.7
北京明豪戴斯酒店,经济房,经济间[无早],447.64
北京明豪戴斯酒店,豪华双人房,豪华间(提前21天预订),568.38
北京明宇丽雅饭店,轻居房,轻居客房(大床)(内宾),720.59
北京明宇丽雅饭店,丽雅房,丽雅客房（大床）(内宾),823.22
北京明宇丽雅饭店,丽雅大客房,(大床)(内宾),926.94
北京内蒙古宾馆,标准客房,标准双床房(内宾),687.83
北京内蒙古宾馆,豪华大床间,豪华大床房(内宾),802.47
北京内蒙古宾馆,豪华套间,豪华套房(大床)(内宾),1146.39
北京内蒙古大厦,标准单人间,Standard Double Room(含税费)(中宾),681.28
北京内蒙古大厦,标准双床房,普通标准间(内宾),747.88
北京内蒙古大厦,豪华间,豪华房(含税费)(中宾),809.02
北京南航明珠商务酒店,标准间,(双床),621.76
北京南航明珠商务酒店,商务大床房,商务大床间,730.95
北京南航明珠商务酒店,豪华套间,豪华套房(大床),971.97
北京宁夏大厦,标准间,(今日特惠)[无早](双床),468.28
北京宁夏大厦,高级房,高级标间(内宾),527.34
北京宁夏大厦,行政房,行政标准间(内宾),631.06
北京诺富特和平宾馆,西楼标准双人房,标准间(今日特惠),762.08
北京诺富特和平宾馆,东楼高级双人房,高级双床间(含税费)(中宾),905.1
北京诺富特和平宾馆,东楼高级大床房,高级大床间(含税费)(中宾),905.1
北京诺富特三元酒店,标准双人房,Standard Room with two single beds(含税费)(双床)(中宾),534.98
北京诺富特三元酒店,标准大床房,"Standard Room, 1 King Bed(含税费)(中宾)",556.82
北京诺富特三元酒店,高级双人房,Superior Room with 2 single bed(含税费)(双床)(中宾),614.68
北京盘古七星酒店,豪华房,豪华大床间(内宾),1757.8
北京盘古七星酒店,高级豪华房,高级豪华间(连住3晚及以上),1946.06
北京盘古七星酒店,豪华景观房,豪华景观间,2271.39
北京鹏润国际大酒店,豪华大床间,(大床)(连住2晚及以上)(特惠大促销)[无早],687.83
北京鹏润国际大酒店,豪华标准间,豪华双床间(双床)(连住2晚及以上)(特惠大促销)[无早],687.83
北京鹏润国际大酒店,行政标准间,行政双床房(含单早),988.08
北京珀丽酒店,普通楼层高级房,-立即确认(双床),471.66
北京珀丽酒店,典雅间,-限时售卖(大床),584.11
北京珀丽酒店,商务典雅间,(特惠大促销)(双人入住)[无早](大床),704.21
北京千禧大酒店,高级间,-快确认,938.95
北京千禧大酒店,豪华间,[无早],1069.96
北京千禧大酒店,行政豪华房,行政豪华间(周末促销),1337.05
北京乾元酒店,竹型舒适房,竹形舒适房[双早](会员特惠)(大床),816.67
北京乾元酒店,弧形舒适房,[双早](会员特惠)(大床),816.67
北京乾元酒店,竹型豪华房,竹形豪华房[双早](大床),982.62
北京强强国际商务酒店,商务间,(无早),545.9
北京强强国际商务酒店,豪华商务间,Deluxe Business Room(含税费)(中宾),599.4
北京强强国际商务酒店,圆弧观景间,(大床)(内宾),835.23
北京侨园饭店,南楼标准间,(双床)(内宾),562.28
北京侨园饭店,南楼大床间,(内宾),644.16
北京侨园饭店,北楼高级大床房,,999999.0
北京青蓝大厦酒店,经济标准间(无窗),经济间(无窗)(双床),252.03
北京青蓝大厦酒店,标准间,,461.69
北京青蓝大厦酒店,套间,普通(内宾),768.63
北京青云阁酒店,单人间,（部分天井窗）(内宾),308.98
北京青云阁酒店,标准间,(内宾)(无窗)(双床),392.49
北京青云阁酒店,大床间,(内宾)(无窗),392.49
北京人卫酒店,商务湖景间,商务湖景大床间(提前21天预订),600.64
北京人卫酒店,商务间,(双床),640.89
北京人卫酒店,豪华湖景间,豪华湖景双床客房(内宾),659.42
北京人卫酒店(原北京康源瑞廷酒店),商务湖景间,商务湖景大床间(提前21天预订),600.64
北京人卫酒店(原北京康源瑞廷酒店),商务间,(双床),640.89
北京人卫酒店(原北京康源瑞廷酒店),豪华湖景间,豪华湖景双床客房(内宾),659.42
北京日坛宾馆,豪华双人房,(双床)(内宾),720.59
北京日坛宾馆,豪华商务房,豪华商务间(大床)(内宾),775.18
北京日坛宾馆,豪华大床房,豪华单人房(大床)(内宾),802.47
北京日坛国际酒店,特惠豪华间,-限时甩卖(大床),676.92
北京日坛国际酒店,豪华间,-限时甩卖,780.64
北京日坛国际酒店,豪华景观大床房,,1100.22
北京如意商务酒店,商务大床房,商务大床间(空气清新房携程专享),423.46
北京如意商务酒店,商务双人房,商务双床间(空气清新房携程专享),453.15
北京如意商务酒店,豪华双床房,豪华双床间,514.24
北京瑞成大酒店,标准间,（双床房）(内宾),491.31
北京瑞成大酒店,标准大床间,标准间（大床房）(内宾),525.16
北京瑞成大酒店,商务大床间,商务间（大床房）(内宾),637.61
北京赛特饭店,标准大床房,标准大床间,634.9
北京赛特饭店,标准双人间,标准双床间,634.9
北京赛特饭店,商务大床间,,776.43
北京三元桥宜必思酒店,双床房,,433.56
北京三元桥宜必思酒店,大床房,A,433.56
北京三元桥宜必思酒店,家庭房,,433.56
北京商务会馆,单人间,(大床),464.05
北京商务会馆,标准间,(双床),494.66
北京商务会馆,商务标准间,(双床),533.88
北京深圳大厦,标准单人间,单人间(内宾),462.92
北京深圳大厦,标准大床间,(内宾),555.73
北京深圳大厦,标准双人间,标准双床间(内宾),555.73
北京盛元香江酒店(原香江宾馆),经济间,(无窗)(内宾)(大床),243.95
北京盛元香江酒店(原香江宾馆),普通标间,(双床)(内宾),318.81
北京盛元香江酒店(原香江宾馆),豪华标间,豪华间(内宾),338.46
北京时腾商务酒店,商务单人房B,商务单间B(大床)(内宾),458.56
北京时腾商务酒店,商务单人房A,商务单间A(大床)(内宾),533.89
北京时腾商务酒店,标准客房,标准间[双早](双床),587.39
北京世纪华天大酒店,标准大床房,(感恩店庆),587.66
北京世纪华天大酒店,高级大床房,(感恩店庆),698.43
北京世纪华天大酒店,高级双床房,(感恩店庆),698.43
北京世纪黄山酒店,特惠间(无窗),特惠标准间(无窗)(双床),362.29
北京世纪黄山酒店,商务标准间,（廊窗）(双床)(内宾),410.52
北京世纪黄山酒店,豪华单人间,豪华大床间(内宾),468.38
北京世纪金源大饭店,标准双人房,Standard Twin Room(含税费)(中宾),726.05
北京世纪金源大饭店,高级大床房,"Superior Room, 1 King Bed(含税费)(中宾)",798.11
北京世纪金源大饭店,高级双床房,Superior Twin Room(含税费)(中宾),798.11
北京世纪金源香山商旅酒店,标准客房,(双床),434.54
北京世纪金源香山商旅酒店,高级客房,(限时抢)(双床),479.04
北京世纪金源香山商旅酒店,豪华双人房,豪华双床房,536.07
北京世纪金源香山商旅酒店(香山风景区),标准客房,(双床),434.54
北京世纪金源香山商旅酒店(香山风景区),高级客房,(限时抢)(双床),479.04
北京世纪金源香山商旅酒店(香山风景区),豪华双人房,豪华双床房,536.07
北京世纪星豪酒店,商务大床房(无窗),商务大床间(无窗),343.61
北京世纪星豪酒店,豪华商务大床房(无窗),豪华商务大床间(无窗),402.33
北京世纪星豪酒店,商务标间(无窗),商务标准间(无窗)(双床),402.33
北京市政协会议中心,商务豪华双人间,商务豪华房(内宾),835.23
北京市政协会议中心,商务豪华大床间,商务豪华房 大床,879.99
北京市政协会议中心,豪华大床间,,999999.0
北京市中国职工之家,B座单人间,,482.48
北京市中国职工之家,A座特惠间,A座特惠房(双床),581.57
北京市中国职工之家,B座商务间,(大床),648.58
北京首都大酒店,高级客房,(B座)(连住2晚及以上),808.61
北京首都大酒店,豪华客房,(提前7天预订),858.64
北京首都大酒店,聚英阁商务客房,(内宾),1146.39
北京首都机场国际酒店(豪雅有限公司),普通标准间,(双床),385.19
北京首都机场国际酒店(豪雅有限公司),普通大床间,,385.19
北京首都机场国际酒店(豪雅有限公司),豪华标准间,(双床),483.26
北京首都机场希尔顿酒店,豪华客房,Twin Hilton Guestroom(含税费)(中宾),1026.29
北京首都机场希尔顿酒店,行政豪华房,Twin Hilton Executive Room(含税费)(双床)(中宾),1353.83
北京首都机场希尔顿酒店,豪华套房,King Deluxe Suite(含税费)(大床)(中宾),1752.34
北京斯博瑞饭店,标准房,特惠标(无窗)(双床),365.22
北京斯博瑞饭店,大床房,(当夜22：30后入住特惠),385.07
北京斯博瑞饭店,三人间,(当夜22：30后入住特惠),454.54
北京太姥山国际商务酒店,豪华大床间,[双早],500.04
北京太姥山国际商务酒店,高级标准间,(提前1天预订)(双早)(双床),565.55
北京太姥山国际商务酒店,高级大床房,(双早)(大床),565.55
北京太阳花酒店,商务标准房,商务标间(双床)(内宾),593.94
北京太阳花酒店,精品双床间,(内宾),651.8
北京太阳花酒店,商务大床房,商务大床间(预定两间及以上（双早）),727.14
北京泰悦豪庭酒店,商务特惠房,商务大床房,502.12
北京泰悦豪庭酒店,豪华客房,豪华大床房(提前3天预订),531.78
北京泰悦豪庭酒店,优选大床房,,598.51
北京檀酒店(原北京檀驿栈精品酒店),温馨单人间(无窗),温馨大床房(无窗),413.19
北京檀酒店(原北京檀驿栈精品酒店),大床房,,457.72
北京檀酒店(原北京檀驿栈精品酒店),豪华标准间,豪华标准房(双床)(内宾),477.12
北京唐拉雅秀酒店,高级房,高级间(特惠大促销)[无早],687.83
北京唐拉雅秀酒店,商务豪华房,商务豪华间,874.84
北京唐拉雅秀酒店,行政房,行政间(大床),1007.52
北京陶然大厦,豪华大床间,(无早),485.85
北京陶然大厦,豪华标准间,(无早),485.85
北京陶然大厦,商务标准间,(无早),485.85
北京天安瑞嘉酒店,高级大床房,(特惠),651.95
北京天安瑞嘉酒店,商务大床房,(特惠),751.03
北京天安瑞嘉酒店,商务双人房,商务双床房(特惠),751.03
北京天伦松鹤大饭店,高级双人间,高级间(内宾),779.55
北京天伦松鹤大饭店,高级大床间,高级间（大床）(内宾),837.41
北京天伦松鹤大饭店,商务间,（双床）(内宾),894.18
北京天伦王朝酒店,高级客房,Superior Twin Room(含税费)(中宾),952.05
北京天伦王朝酒店,豪华客房,(有净化器)(内宾),978.25
北京天伦王朝酒店,行政客房,Executive Room(含税费)(中宾),1202.07
北京天天假日饭店,豪华标准间,A型豪华标间(内宾),504.41
北京天佑大厦,商务标准间,商务标间(内宾)(双床),645.47
北京天佑大厦,行政双床间,行政双床房(内宾),683.24
北京天佑大厦,行政大床间B,行政大床B(内宾),720.59
北京万程华府国际酒店,经济间,(无窗),383.46
北京万程华府国际酒店,标准间,(大床)(内宾),410.52
北京万程华府国际酒店,舒适标准间,舒适标间(双床)(内宾),449.6
北京万程新润酒店,特惠标间,(无窗)(内宾)(双床),332.48
北京万程新润酒店,特惠大床房,(内宾),349.38
北京万程新润酒店,标准间B,(内宾)(无窗)(双床),352.15
北京万达嘉华酒店(原北京万达铂尔曼酒店),豪华房,"Deluxe Room, 2 Single Beds(含税费)(中宾)",788.28
北京万达嘉华酒店(原北京万达铂尔曼酒店),高级豪华房,"Grand Deluxe Room, 2 Twin Beds(含税费)(中宾)",869.07
北京万达嘉华酒店(原北京万达铂尔曼酒店),行政大床房,"Executive Room, 1 King Bed(含税费)(中宾)",1225.0
北京万方苑国际酒店,标准商务双床间,标准双床房（）标准商务双床房,532.8
北京万方苑国际酒店,标准双床间,[无早],598.31
北京万方苑国际酒店,标准商务大床房,标准大床房（）,611.41
北京万商花园酒店,标准双人房,"标准房, 2 张单人床(含税费)(中宾)",538.26
北京万商花园酒店,标准大床房,"标准房, 1 张特大床(含税费)(中宾)",538.26
北京万商花园酒店,高级双人房,Superior Room with 2 Single Beds(含税费)(双床)(中宾),597.21
北京万寿宾馆,标准房(B座),标准房（B座）(双床)(内宾),502.23
北京万寿宾馆,标准房(A座),标准房（A座）(双床)(内宾),754.43
北京万寿宾馆,豪华大床房(A座),豪华大床房（A座）(内宾),869.07
北京王府半岛酒店,高级套房,高级套间(度假（无早）),2077.7
北京王府半岛酒店,豪华套房,-限内宾,2158.49
北京王府半岛酒店,复式房,Duplex Suite(含税费)(中宾),2339.73
北京王府半岛酒店(原王府饭店),高级套房,高级套间(度假（无早）),2077.7
北京王府半岛酒店(原王府饭店),豪华套房,-限内宾,2158.49
北京王府半岛酒店(原王府饭店),复式房,Duplex Suite(含税费)(中宾),2339.73
北京王府井天安门东方文苑宾馆,普通公卫间,普通间（公共卫浴）(大床)(内宾),371.21
北京王府井天安门东方文苑宾馆,标准单人间,（内窗）(大床)(内宾),467.29
北京王府井天安门东方文苑宾馆,标准双人间,(双床)(内宾),585.2
北京王府井希尔顿酒店,豪华房,豪华大床房(内宾),1337.46
北京王府井希尔顿酒店,超豪华房,King Deluxe Plus(含税费)(中宾),1698.84
北京王府井希尔顿酒店,风格套房,King Lifestyle Suite(含税费)(中宾),1733.78
北京王府井银地宾馆,标准大床房,标准大床间(大床)(提前1天预订)(特惠大促销)[无早],379.72
北京王府井银地宾馆,标准双床房,标准双床间(双床)(连住2晚及以上)(特惠大促销)[无早],379.72
北京王府井银地宾馆,豪华大床间,豪华标准大床间(大床)(特惠专享)(中宾)[无早],412.48
北京唯实酒店(唯实国际文化交流中心),商务双人房,商务标准间(双床)(特惠精选),737.51
北京唯实酒店(唯实国际文化交流中心),商务大床房,商务标准间(大床)(特惠精选),768.3
北京唯实酒店(唯实国际文化交流中心),豪华大床房,(不含早),823.22
北京五环大酒店(原世纪远洋宾馆),高级标准房,高级标准间(双床)[双早],425.8
北京五环大酒店(原世纪远洋宾馆),高级大床房,高级标准间[双早](大床),436.72
北京五环大酒店(原世纪远洋宾馆),日式房(无窗),,999999.0
北京五洲大酒店,豪华间,豪华标准间(大床),759.11
北京五洲大酒店,行政间,(双早)(大床),1441.18
北京五洲大酒店,豪华套间,,999999.0
北京西藏大厦,标准间A,(双床),627.79
北京西藏大厦,商务间A,(大床),682.38
北京西藏大厦,行政标准间,(特惠大促销)[无早](双床),693.29
北京西单饭店,豪华大床房,(内宾),611.41
北京西单饭店,豪华双床房,豪华标间(双床)(内宾),666.0
北京西单饭店,商务大床间,商务大床房(内宾),666.0
北京西单美爵酒店,高级房,高级间(双床)(特惠大促销)(双人入住)[无早],785.0
北京西单美爵酒店,美爵楼层间,尊贵房(内宾),793.74
北京西单美爵酒店,行政双人间,行政间(内宾),793.74
北京西国贸大酒店,行政房,行政双床房(单人入住)(单早)(连住2晚及以上),1692.29
北京西国贸大酒店,超豪华房,超豪华大床房(单人入住)(单早)(连住2晚及以上),2019.83
北京西国贸大酒店,特选超豪华房,(单人入住)(单早)(连住2晚及以上)(大床),2565.73
北京西郊宾馆,行政房a,行政间A(大床)(内宾),685.65
北京西郊宾馆,行政房b,行政间B(大床)(内宾),697.66
北京西郊宾馆,标准间,(双床)(内宾),703.12
北京西苑饭店,附楼标准双床房,附楼标准客房(双床)(内宾),513.15
北京西苑饭店,附楼商务大床房,附楼商务客房(未评星级)(内宾)(大床),569.22
北京西苑饭店,主楼标准大床房,主楼标准大床客房(内宾),676.92
北京希尔顿酒店,豪华客房,"Deluxe Twin Room, 2 Single Beds, Non Smoking(含税费)(中宾)",751.16
北京希尔顿酒店,高级豪华房,King Deluxe Plus(含税费)(中宾),938.95
北京希尔顿酒店,主楼纯净客房,KING DELUXE PURE ROOM(含税费)(大床)(中宾),1033.93
北京希尔顿逸林酒店,逸林大床房,(不含早),694.38
北京希尔顿逸林酒店,逸林双人房,逸林双床房(不含早),746.79
北京希尔顿逸林酒店,豪华大床房,豪华房（大床）(内宾),816.67
北京锡华商务酒店,套间,(双床)(内宾),949.87
北京锡华商务酒店,豪华套间,(大床)(内宾),1190.06
北京锡华商务酒店,标准双床间,,999999.0
北京香江戴斯酒店,经济间(无窗),经济间(大床),487.8
北京香江戴斯酒店,特惠单人间,(无窗),487.8
北京香江戴斯酒店,豪华大床间,豪华大床床间(内宾),756.62
北京潇湘大厦,普通标准间,(双床)(内宾),389.77
北京潇湘大厦,标准双床间,标准间 双床,434.54
北京潇湘大厦,特惠间,特惠房(双床)(内宾),435.63
北京新大宗饭店,高级双人间,高级房,494.59
北京新大宗饭店,高级单人间,高级大床间,494.59
北京新疆大厦,标准间,标准房(特惠精选)(双床),689.53
北京新疆大厦,标准单人间,(大床)(内宾),696.57
北京新疆大厦,贵宾楼(标准间),贵宾楼标准间(内宾),769.72
北京新侨诺富特饭店,标准双人间,标准双床(内宾),723.59
北京新侨诺富特饭店,高级双人间,高级双床(内宾),770.46
北京新侨诺富特饭店,高级大床间,高级大床(内宾),770.46
北京新世纪日航饭店,特惠双床间,(连住3晚及以上),555.07
北京新世纪日航饭店,高级双人房,高级间(连住3晚及以上)(双床),586.88
北京新世纪日航饭店,高级大床房,高级间(连住3晚及以上)(大床),654.82
北京新云南皇冠假日酒店,皇冠高级房,Superior Room(中宾),770.81
北京新云南皇冠假日酒店,皇冠豪华房,"Deluxe Room, 1 King Bed, Non Smoking(中宾)",953.14
北京新云南皇冠假日酒店,皇冠行政房,Club Room(中宾),1307.98
北京新族酒店,单人间,(度假),360.29
北京新族酒店,标准双人间,标准双床房(度假),414.88
北京新族酒店,标准大床间,标准大床房(度假),425.8
北京兴基铂尔曼饭店,高级房,高级间(大床)(特惠大促销)(双人入住)[无早],660.54
北京兴基铂尔曼饭店,豪华房,豪华大床客房(内宾),731.59
北京兴基铂尔曼饭店,豪华套房,(大床),1034.1
北京兴基铂尔曼饭店(大兴-亦庄经济开发区),高级房,高级间(大床)(特惠大促销)(双人入住)[无早],660.54
北京兴基铂尔曼饭店(大兴-亦庄经济开发区),豪华房,豪华大床客房(内宾),731.59
北京兴基铂尔曼饭店(大兴-亦庄经济开发区),豪华套房,(大床),1034.1
北京星河湾酒店,贵宾楼豪华客房,贵宾楼豪华间(C栋)(内宾),1169.32
北京星河湾酒店,贵宾楼豪华套房,,999999.0
北京星河湾酒店,贵宾楼豪华商务客房,,999999.0
北京星月亮马酒店,标准房(无窗),特惠双床房(无窗),369.89
北京星月亮马酒店,特惠大床房,(无窗),369.89
北京星月亮马酒店,标准大床房,普通(限时促销)[无早],379.84
北京宣武门商务酒店(原越秀大饭店),商务大床间,商务单人间(大床)(内宾),631.06
北京宣武门商务酒店(原越秀大饭店),商务双人间,(双床)(内宾),687.83
北京宣武门商务酒店(原越秀大饭店),家庭套间,家庭套房,863.7
北京亚奥国际酒店(原劳动大厦),特惠间(无窗),特惠大床间（无窗）(含单早),517.51
北京亚奥国际酒店(原劳动大厦),商务大床间,商务间(大床),672.15
北京亚奥国际酒店(原劳动大厦),商务双人间,商务房(内宾),686.74
北京亚美国际酒店,特惠房,特惠双床间,302.4
北京亚美国际酒店,普通双床间,-即时确认,312.25
北京亚美国际酒店,高级双床房,高级双床间,375.48
北京亚太花园酒店,商务大床间,-无早特惠,521.88
北京亚太花园酒店,商务双床间,-无早特惠,521.88
北京亚太花园酒店,商务高级大床间,-无早特惠,600.49
北京亚太花园酒店(通州),商务大床间,-无早特惠,521.88
北京亚太花园酒店(通州),商务双床间,-无早特惠,521.88
北京亚太花园酒店(通州),商务高级大床间,-无早特惠,600.49
北京亚运村宾馆,一室标准间,标准间双床(不含早),464.02
北京亚运村宾馆,大床房,标准间大床(不含早),464.02
北京亚运村宾馆,一室套间,(双床),491.84
北京亚洲大酒店,精选房,(连住2晚及以上)[无早](今日特惠),764.26
北京亚洲大酒店,经典房,经典大床客房(内宾),767.86
北京亚洲大酒店,商务房,商务客房(内宾),816.88
北京燕清园宾馆,商务大床房,(内宾),460.36
北京燕清园宾馆,商务三人房,,999999.0
北京燕清园宾馆,商务标准间,,999999.0
北京燕莎中心凯宾斯基饭店,高级客房,SUPERIOR ROOM(含税费)(中宾),1263.21
北京燕莎中心凯宾斯基饭店,豪华客房,,999999.0
北京燕莎中心凯宾斯基饭店,行政豪华客房,,999999.0
北京燕山大酒店,b楼标准房,B楼标准间,599.42
北京燕山大酒店,b楼商务房,B楼商务间,637.61
北京燕山大酒店,b楼家庭房,B楼家庭间,725.56
北京阳光温特莱酒店,玲珑单人房,玲珑单人间(携程直销),527.48
北京阳光温特莱酒店,精英大床房,[无早](大床),664.91
北京阳光温特莱酒店,精英标准房,-无早特惠,666.0
北京银洋酒店(首都机场新国展店),标准客房a,标准间A(双床),314.16
北京银洋酒店(首都机场新国展店),商务房b,,999999.0
北京银洋酒店(首都机场新国展店),套房,,999999.0
北京永兴花园饭店,A栋标准间,标准间(今夜甩卖)(双床),473.49
北京永兴花园饭店,豪华标准大床房,豪华标准间（大床）(内宾),720.59
北京永兴花园饭店,套间,（大床）(内宾),800.29
北京邮电会议中心,青年公寓双人间(公卫),青年公寓双人间(公共卫浴)(内宾)(双床),256.94
北京邮电会议中心,标准单人间,[无早],616.87
北京邮电会议中心,标准双人间,标准间[无早](双床),616.87
北京友谊宾馆,敬宾楼大床间,敬宾楼标间（大床）(内宾),639.79
北京友谊宾馆,怡宾楼标准房,怡宾楼标间(双床),651.53
北京友谊宾馆,怡宾楼大床房,怡宾楼大床间,784.85
北京友谊宾馆贵宾楼,贵宾楼标准房,贵宾楼标准单人房(大床),786.5
北京友谊宾馆贵宾楼,贵宾楼标准商务房,[无早](大床),893.09
北京友谊宾馆贵宾楼,贵宾楼豪华商务房,(大床),986.99
北京裕龙大酒店,商务大床间,(预付价格),491.84
北京裕龙大酒店,标准大床房,标准大床间(内宾),628.88
北京裕龙国际酒店,标准双床房,标准双床间(空气清新房携程专享),549.71
北京裕龙国际酒店,标准大床房,标准大床间,636.41
北京裕龙国际酒店,行政大床房,行政大床间,685.99
北京元辰鑫国际酒店(原国际会展酒店),商务标准间,商务双床间,592.06
北京元辰鑫国际酒店(原国际会展酒店),商务大床间,(空气净化器),670.16
北京元辰鑫国际酒店(原国际会展酒店),豪华标准间,豪华双床间(空气净化器),729.47
北京远通维景国际大酒店,维景高级双人间,-预付无早A,663.81
北京远通维景国际大酒店,维景豪华大床间,-预付无早A,772.99
北京远通维景国际大酒店,维景豪华双人间,-预付无早A,772.99
北京月桂树酒店,商务间,高级(大床)(内宾),456.37
北京月桂树酒店,高级房,高级标准间(双床)(内宾),481.48
北京云冈酒店,经济大床间(无窗),经济大床房(无窗)(内宾)(无窗),263.62
北京云冈酒店,经济标准间(无窗),经济双床房(无窗)(内宾),293.13
北京云冈酒店,商务标准间,(内宾)(双床),361.99
北京浙江大厦,行政大床间,(内宾),571.01
北京浙江大厦,行政标准间,(双床)(内宾),571.01
北京浙江大厦,商务标准间,(双床),680.04
北京正义路华纺商务酒店(北京正义路酒店),精品大床房(无窗),精品大床房（无窗）(不含早),480.39
北京正义路华纺商务酒店(北京正义路酒店),精品房,(不含早),589.57
北京正义路华纺商务酒店(北京正义路酒店),商务精品房,(不含早),611.41
北京中奥华美达大酒店,高级房,高级间,570.15
北京中奥华美达大酒店,标准双人房,"Room, 1 Double Bed(含税费)(中宾)",645.25
北京中奥华美达大酒店,商务房,"Business Room, 1 King Bed(含税费)(中宾)",673.64
北京中奥凯富国际酒店,温馨套房,(不含早),674.73
北京中奥凯富国际酒店,舒适套房,套房大/双床 Double or Twin-SUITE(含税费)(中宾),697.66
北京中奥凯富国际酒店,商务温馨套房,,1486.69
北京中奥凯富国际酒店(原北京凯富国际全套房酒店),温馨套房,(不含早),674.73
北京中奥凯富国际酒店(原北京凯富国际全套房酒店),舒适套房,套房大/双床 Double or Twin-SUITE(含税费)(中宾),697.66
北京中奥凯富国际酒店(原北京凯富国际全套房酒店),商务温馨套房,,1486.69
北京中奥马哥孛罗大酒店,高级房,高级客房(内宾),701.17
北京中奥马哥孛罗大酒店,豪华房,豪华客房(内宾),920.82
北京中奥马哥孛罗大酒店,行政豪华房,Double or Twin DELUXE EXECUTIVE(内宾),1551.37
北京中电华晶商务酒店,大床房,(内宾),578.65
北京中电华晶商务酒店,豪华标准间,(双床)(内宾)(非online)(双早),860.34
北京中电华晶商务酒店,浪漫婚礼套房,(内宾)(大床),1389.78
北京中工大厦,豪华大床房,豪华大床间,392.08
北京中工大厦,豪华双床房,豪华标间(双床)(内宾),399.6
北京中工大厦,大床间,(内宾),456.37
北京中关村皇冠假日酒店,皇冠高级间,Superior Room(含税费)(中宾),919.3
北京中关村皇冠假日酒店,皇冠豪华间,Deluxe Room(含税费)(中宾),1155.12
北京中关村皇冠假日酒店,皇冠行政间,Club Room(含税费)(中宾),1422.62
北京中国大饭店,豪华房,豪华大床客房(内宾),1042.52
北京中国大饭店,豪华阁豪华房,豪华阁豪华大床间(单人入住)(单早)(金牌以上会员特惠),1523.06
北京中国大饭店,豪华阁超豪华客房,Horizon Premier Room 1 King(大床)(内宾),1968.44
北京中航泊悦酒店,豪华间,豪华大床房(内宾),720.59
北京中航泊悦酒店,行政豪华间,[单早],1091.8
北京中航泊悦酒店,商务套间,[单早](大床),1419.34
北京中康国际酒店,标准大床房(内景),标准大床房,620.74
北京中康国际酒店,豪华大床房,(内宾),679.1
北京中康国际酒店,豪华双床房,(双早),735.87
北京中青记者之家饭店,大床间,,999999.0
北京中青记者之家饭店,标准间(部分无窗),,999999.0
北京中土大厦,普通标准间,(度假)(双床),532.8
北京中土大厦,行政间,[无早](大床),641.98
北京中土大厦,大行政间,[无早](大床),762.08
北京中邮苑宾馆,标准间,(内宾)(双床),623.71
北京中邮苑宾馆,特惠房,特惠间(内宾)(大床),623.71
北京中裕世纪大酒店,经济房(无窗),经济大床房(无窗),395.0
北京中裕世纪大酒店,标准客房,标准双床间(内宾),457.46
北京中裕世纪大酒店,豪华房,-双床无早A,496.77
北京重庆饭店,普通标准间,普通标准房(双床),382.46
北京重庆饭店,豪华标准间,豪华标准房(双床),473.21
北京重庆饭店,豪华大床房,,473.21
北京紫金宫饭店,经济大床房(无窗),[无早](会员特惠),469.47
北京紫金宫饭店,经济双人间,经济标间(无窗)(内宾)[无早](双床),502.23
北京紫金宫饭店,大床房b,大床房B(内宾),608.13
北京紫玉饭店,标准客房,标准间(双床)(内宾),415.98
北京紫玉饭店,商务客房,商务间(双床),471.21
北京紫玉饭店,榻榻米房,(内宾),479.3
北京钻石蓝宝苑宾馆,特惠大床间,(内宾),326.65
北京钻石蓝宝苑宾馆,特惠双床间,(内宾),326.65
北京钻石蓝宝苑宾馆,标准间,标准双床间(内宾)(周年特惠),458.5
长安大饭店（陕西大厦）（2016/7/19下线）,高级间,-双床无早特惠,480.39
长安大饭店（陕西大厦）（2016/7/19下线）,欧式豪华客房,-大床无早特惠,507.69
长安大饭店（陕西大厦）（2016/7/19下线）,豪华间,豪华房大/双床 Double or Twin-DELUXE(含税费)(中宾),576.47
长沙橙果酒店,单人房,(内宾)(大床),106.23
长沙橙果酒店,双人房,(内宾)(双床),125.91
长沙橙果酒店,激情麻将房,(双床),135.74
长沙大成国际酒店,高级大床间,高级大床房(内宾),307.89
长沙大成国际酒店,高级双床间,高级双床房(内宾),318.81
长沙大成国际酒店,豪华大床间,豪华大床房(内宾),330.82
长沙豪布斯卡大酒店,豪华双床房,豪华双间(不含早),496.77
长沙豪布斯卡大酒店,豪华单人房,豪华单间(不含早),496.77
长沙豪布斯卡大酒店,黑系商务单人房,黑色商务间(大床),671.09
长沙华天大酒店(总店),a座豪华双人间,A座豪华双间(双床),427.14
长沙华天大酒店(总店),a座商务单人间,[单早](特惠大促销)(大床),447.64
长沙华天大酒店(总店),a座豪华单人间,A座豪华单间(大床),477.04
长沙融程花园酒店,雅致双床房,雅致客房(双床),459.65
长沙融程花园酒店,豪华客房,豪华房(不含早),620.14
长沙融程花园酒店,商务客房,(大床),816.9
长沙世纪金源大饭店,高级客房,高级双床房(无早)(今日特惠),524.06
长沙世纪金源大饭店,高级江景客房,高级江景双床房,774.44
长沙世纪金源大饭店,行政客房,双床(内宾),917.11
长沙万达文华酒店,豪华客房,豪华房(双人入住)(8间起订)[双早],928.03
长沙万达文华酒店,高级豪华客房,(双人入住)(8间起订)[双早](大床),982.62
长沙万达文华酒店,高级豪华江景房,高级豪华江景大床房(不含早),1290.51
长沙潇湘华天大酒店,迷你单人间,Mini间(限时促销)[无早](大床),387.59
长沙潇湘华天大酒店,高级大床房,高级大床间(不含早),576.47
长沙潇湘华天大酒店,高级双床房,高级双床间(不含早),576.47
长沙小天鹅戴斯酒店,高级双人房,高级房(双床)(内宾),478.21
长沙小天鹅戴斯酒店,高级大床房,(内宾),560.09
长沙小天鹅戴斯酒店,豪华双床房,豪华房(双床)(内宾),587.39
长沙运达喜来登酒店,高级双床间,(5间起订)(今日特惠)(双早),655.08
长沙运达喜来登酒店,高级大床间,(5间起订)(今日特惠)(双早),655.08
长沙运达喜来登酒店,豪华大床间,(5间起订)(双早)(特惠大促销),764.26
长沙紫东阁华天大酒店,高级单人间,高级大床房,292.92
长沙紫东阁华天大酒店,高级双床间,,295.06
长沙紫东阁华天大酒店,高级家庭间,高级家庭房,392.4
成都百丽思汀城市酒店,舒适双床房,(内宾),203.07
成都百丽思汀城市酒店,舒适大床房,(内宾),203.07
成都百丽思汀城市酒店,豪华大床房,(内宾),212.9
成都机场空港聚集宾馆,1.2m经济单人间,经济单人间(内宾),78.61
成都机场空港聚集宾馆,标准单人间,标准单间(大床)(内宾),87.34
成都机场空港聚集宾馆,普通标准间,(内宾)(双床),94.76
成都机场瑞嘉大酒店,标准间,-即时确认(双床)(内宾),143.03
成都机场瑞嘉大酒店,商务双人间,商务双床房-即时确认(内宾),146.3
成都机场瑞嘉大酒店,商务大床间,-即时确认(内宾),156.13
成都礼顿酒店(春熙路),精致房(无窗),(暑期大促)(大床),207.31
成都礼顿酒店(春熙路),高级大床房,,285.66
成都礼顿酒店(春熙路),商务双人房,商务双床房,295.54
成都泸天化酒店,商务单人房,商务单间(大床)(内宾),272.95
成都泸天化酒店,商务标准房,商务标间(双床)(内宾),272.95
成都泸天化酒店,行政单人房,行政单间(大床)(内宾),387.59
成都翔宇大酒店(双流),豪华标准房,豪华双人房(双床)(内宾),196.52
成都翔宇大酒店(双流),商务标准房,商务标间(无早)(含接送机服务-非online)(双床),198.71
成都翔宇大酒店(双流),豪华大床房,(双早)(含接送机服务-非online),221.64
城市客栈(深圳欢乐谷店),欢乐时光双床房,,403.97
城市客栈(深圳欢乐谷店),欢乐时光大床房,,403.97
大连百年汇豪生酒店,豪华大床房,(连住2晚及以上),825.91
大连百年汇豪生酒店,豪华双床间,豪华双床房(连住2晚及以上),899.18
大连百年汇豪生酒店,豪华小套房A,(大床)(内宾),928.03
大连博尔特大酒店,标准双人间,标准双床房,474.43
大连博尔特大酒店,标准大床间,标准大床房,474.43
大连博尔特大酒店,标准套间,套间(双床),688.98
大连长城饭店,特惠单人间,特惠独享单人间,365.22
大连长城饭店,标准双人间,(今夜甩卖)(双床),424.77
大连长城饭店,普通单人间,(特惠),424.77
大连富丽华大酒店,东楼豪华双床房,东楼豪华间(双床),696.63
大连富丽华大酒店,西楼豪华大床间,Deluxe Double Room (West Wing)(含税费)(中宾),746.79
大连富丽华大酒店,东楼豪华大床间,东楼豪华大床房,753.34
大连国际机场宾馆,标准单人间,标准单人房(大床),472.48
大连国际机场宾馆,标准双人间,标准双人房(双床),494.21
大连国际机场宾馆,商务大床房,,494.21
大连金元大酒店,商务标准间,(2间起订)(特惠专享)(非online)(单早),403.97
大连金元大酒店,46平公寓标准间,46平公寓标准房(大床),432.66
大连金元大酒店,高级商务间,高级商务单人房(大床),440.88
大连九州国际大酒店,特惠房,经济房(内宾),486.94
大连九州国际大酒店,标准客房,标准间,521.35
大连九州国际大酒店,豪华标准房,豪华间,562.7
大连君悦酒店,君悦海景房, 双床,1856.06
大连君悦酒店,君悦豪华海景房,(无早)(非online),2037.3
大连君悦酒店,嘉宾轩海景房,(嘉宾轩 双早),2305.33
大连凯宾斯基饭店,豪华间,,997.98
大连凯宾斯基饭店,贵宾间,(连住2晚及以上)(无早)(特惠大促销),1004.46
大连凯宾斯基饭店,小套间,(连住2晚及以上)(无早)(特惠大促销)(大床),1037.21
大连凯伦饭店,标准双床间,标准间(双床)(内宾),529.52
大连凯伦饭店,标准大床间,商务间(大床),564.7
大连凯伦饭店,行政大床间,行政间(大床),693.73
大连南航明珠大酒店,标准间,(双床)(内宾),525.16
大连南航明珠大酒店,行政间,行政双床房(内宾),628.88
大连南航明珠大酒店,三人间,(内宾),638.7
大连南山花园酒店,本馆标准房,本馆标准间,288.86
大连南山花园酒店,别墅高级房,,399.61
大连南山花园酒店,新馆高级房,,544.02
大连日航饭店,高级房,(疯狂抢购),668.97
大连日航饭店,一室房公寓,一室客房公寓(限时抢订)(大床),668.97
大连日航饭店,商务房,(疯狂抢购),767.14
大连日月潭大酒店,标准间,"Standard Room, 2 Single Beds(含税费)(中宾)",425.8
大连日月潭大酒店,高级大床房,,518.61
大连日月潭大酒店,高级单人间,Superior Single Room(Promotion)(含税费)(中宾),519.7
大连瑞诗酒店,特惠房,"ECONOMY ROOM, 1 KING BED(大床)(内宾)",557.85
大连瑞诗酒店,标准房,(提前14天预订),592.0
大连瑞诗酒店,豪华房,Deluxe Room(内宾),629.97
大连香格里拉大饭店,高级房,-高级双床房含1份自助早餐,982.62
大连香格里拉大饭店,豪华房,豪华大床房[无早],1209.71
大连香格里拉大饭店,儿童主题房,(无早)(今日特惠),1488.12
大连香格里拉大酒店,高级房,-高级双床房含1份自助早餐,982.62
大连香格里拉大酒店,豪华房,豪华大床房[无早],1209.71
大连香格里拉大酒店,儿童主题房,(无早)(今日特惠),1488.12
大连心悦大酒店,普通大床房(公卫),普通大床房(内宾)(连住2晚及以上),49.18
大连心悦大酒店,普通双床间,普通双床房(内宾)(无独立卫生间),76.72
大连心悦大酒店,温馨家庭房,(内宾)(大床),106.23
大连新世界酒店,高级客房,,754.53
大连新世界酒店,豪华客房,(提前14天预订),867.95
大连新世界酒店,超豪华客房,,954.08
大连星海假日酒店,高级园景房,(提前1天预订)(双床),790.04
大连星海假日酒店,高级海景房,(限时抢订)(大床),980.03
大连星海假日酒店,豪华园景房,(60岁或以上老人赠送1份早餐)(大床),1000.04
大连雅乐轩酒店,乐窝大床房,(内宾),690.02
大连雅乐轩酒店,无障碍房,无障碍客房(大床)(内宾),690.02
大连雅乐轩酒店,乐窝双人房,乐窝双床房(特惠专享)(双人入住)(浪漫之都)[双早],731.51
大连远洲大酒店,普通双床房,(内宾),411.61
大连远洲大酒店,普通大床房,(内宾),472.75
大连远洲大酒店,高级双床房,(内宾),534.98
富驿时尚酒店(北京中关村店),行政大床房,行政房（大床）(内宾),607.04
富驿时尚酒店(北京中关村店),行政标准房,行政房（双床）(内宾),607.04
富驿时尚酒店(北京中关村店),时尚大床房,,999999.0
广东大厦(广州),特惠房,惠选房(内宾),330.82
广东大厦(广州),舒适房,舒适双床 TWIN-COMFORT(含税费)(中宾),370.12
广东大厦(广州),高级房,高级大/双床 Double or Twin-SUPERIOR(含税费)(中宾),393.05
广东嘉福国际大酒店,标准双人房,标准双床房(内宾),351.56
广东嘉福国际大酒店,标准大床房,(内宾),351.56
广东嘉福国际大酒店,行政房,行政双床房(内宾),458.56
广东亚洲国际大酒店(广州),豪华房,豪华双床房(不含早),533.89
广东亚洲国际大酒店(广州),商务双人房,商务房(不含早),771.9
广东亚洲国际大酒店(广州),商务大床房,(不含早),771.9
广州奥园高尔夫酒店,高级双人房,高级双床房(含单早),478.21
广州奥园高尔夫酒店,高级大床房,(含单早),478.21
广州奥园高尔夫酒店,豪华双人房,豪华双床房(含单早),521.88
广州白天鹅宾馆,城市景观标准房,标准客房(双人入住)(无早)(特惠专享),982.62
广州白天鹅宾馆,城景豪华客房,豪华城景房(双人入住)(连住2晚及以上)(无早)(大床),1122.37
广州白天鹅宾馆,江景豪华客房,豪华江景房(双人入住)(连住2晚及以上)(无早)(双床),1301.43
广州白云宾馆,精英房,Elite Room(含税费)(中宾),516.42
广州白云宾馆,商务房,"Business Room, 1 Double or 2 Twin Beds(含税费)(中宾)",544.81
广州白云宾馆,高级房,Double room(大床)(中宾),579.75
广州白云国际会议中心,特惠大床房,标准大床房(内宾),537.17
广州白云国际会议中心,高级房,高级大床房(特惠)[单早],545.41
广州白云国际会议中心,特惠双人房,标准双床房(内宾),568.83
广州白云机场铂尔曼大酒店,高级房,SUPERIOR ROOM 1 King Size Bed Courtyard View(含税费)(大床)(中宾),937.86
广州白云机场铂尔曼大酒店,豪华房,DELUXE ROOM 2 Single Size Beds Airport View(含税费)(双床)(中宾),1026.29
广州白云机场铂尔曼大酒店,行政大床房,EXECUTIVE ROOM Executive Lounge Access 1 King Size Bed Airport View(含税费)(大床)(中宾),1421.52
广州白云万达希尔顿酒店,希尔顿客房,King hilton guestroom(含税费)(中宾),816.67
广州白云万达希尔顿酒店,无障碍客房,"Room, Accessible(含税费)(中宾)",816.67
广州白云万达希尔顿酒店,希尔顿豪华房,Twin Hilton Deluxe(含税费)(双床)(中宾),846.15
广州宾馆,特惠房,(双床),284.28
广州宾馆,江景标准房,江景双床房(内宾),349.38
广州宾馆,园景双床间,园景双床房,361.03
广州长隆酒店,高级房,(无早)(特惠专享),1747.97
广州长隆酒店,野趣房,(无早)(特惠专享),2049.31
广州长隆酒店,家庭房,(无早)(特惠专享),2651.98
广州大华酒店,特惠大床房,特惠房（大床）(内宾),343.92
广州大华酒店,特惠双人房,特惠房（双床）(内宾),378.85
广州大华酒店,标准大床房,(内宾),401.78
广州大厦,标准双人房,标准双床房(超值精选),382.13
广州大厦,标准大床房,(超值精选),382.13
广州大厦,豪华大床房,(限时抢),417.07
广州戴斯酒店,标准大床房,"(清爽一""夏"")",278.83
广州戴斯酒店,高级大床房,高级单人房(大床)(内宾),448.73
广州戴斯酒店,高级双人房,高级双床房-限内宾,484.76
广州地中海国际酒店,舒适公寓房,(清爽一夏)(大床),455.24
广州地中海国际酒店,高级客房,Superior Room(含税费)(中宾),459.65
广州地中海国际酒店,豪华双人间,Deluxe Room(含税费)(中宾),493.49
广州东方宾馆,豪华单人房,Deluxe Double Room(含税费)(中宾),578.65
广州东方宾馆,豪华双人房,Deluxe Twin Room(含税费)(中宾),578.65
广州东方宾馆,豪华湖景房,,588.81
广州东逸湾酒店,豪华城景双人房,豪华城景双床房(不含早),534.98
广州东逸湾酒店,商务城景大床房,(内宾),622.33
广州东逸湾酒店,商务城景双人房,商务城景双床房(含双早),644.16
广州番禺宾馆,标准双床房,(内宾),410.52
广州番禺宾馆,标准大床房,(内宾),476.02
广州番禺宾馆,豪华大床房,(内宾),631.06
广州富力君悦大酒店,君悦双人房,君悦客房（无早）,1069.96
广州富力君悦大酒店,君悦大床房,,1069.96
广州富力君悦大酒店,君悦园景双人房,君悦园景客房（无早）,1195.52
广州国德国际大酒店,商务大床房,商务单人房(大床)(内宾),544.81
广州国德国际大酒店,商务双床房,商务双人房(双床)(内宾),586.3
广州国德国际大酒店,小套房,(大床),946.13
广州海俊酒店,迷你房,-限内宾,220.54
广州海俊酒店,城景豪华房,城景豪华双床房(今日特惠)[双早],314.44
广州海俊酒店,江景房,江景大床房(今日特惠)[双早],336.27
广州花都皇冠假日酒店,皇冠高级房,(白金以上会员特惠)(特惠大促销)(双人入住)(无早),670.37
广州花都皇冠假日酒店,皇冠豪华房,(白金以上会员特惠)(特惠大促销)(双人入住)(无早),781.73
广州花都皇冠假日酒店,皇冠行政房,Room CLUB(内宾),981.72
广州花园酒店,花园客房,(特惠专享)(中宾)(非online)[单早],991.35
广州花园酒店,花园套房,[单早][特惠](大床),1379.79
广州花园酒店,行政套房,(双人入住)(限时 特惠)[无早],2183.6
广州华钜君悦酒店,精品双人间(无窗),精品双人房(无窗)(特惠抢购)(双床),288.42
广州华钜君悦酒店,E区小双人房,(双床),457.92
广州华钜君悦酒店,E区小单间,(大床),457.92
广州华厦大酒店,名仕城景客房,名仕客房(城景)(特惠)[无早],429.08
广州华厦大酒店,华厦客房,(城景)(度假),431.26
广州华厦大酒店,江景华厦客房,华厦客房(江景)(特惠)[无早],455.28
广州嘉鸿华美达广场酒店,豪华双人房,"-无早,今日特惠",436.72
广州嘉鸿华美达广场酒店,豪华大床房,"Deluxe Room, 1 King Bed, Non Smoking(含税费)(中宾)",456.37
广州嘉鸿华美达广场酒店,无障碍房,"Room, 1 Double Bed, Accessible(含税费)(中宾)",456.37
广州嘉逸国际酒店,标准单间,-(大床),524.06
广州嘉逸国际酒店,标准大床房,-,567.74
广州嘉逸国际酒店,标准双床房,-,600.49
广州嘉逸皇冠酒店,商务房,商务大床房(携程专享),398.83
广州嘉逸皇冠酒店,标准套房,高级套房(内宾),569.92
广州嘉逸皇冠酒店,商务套房, 双床,703.12
广州建国酒店,标准客房,标准房(不含早),565.55
广州建国酒店,高级客房,(双人入住)(连住2晚及以上)(无早)(双床),652.9
广州建国酒店,行政标准客房,"Executive Standard Room, 1 King Bed(含税费)(中宾)",750.07
广州景星酒店,标准双人房,标准双床房,286.36
广州景星酒店,高级商务大床房,[单早](限时 特惠),384.31
广州景星酒店,高级商务双人房,高级商务双床房(限时 特惠)[双早],385.41
广州卡丽皇家金煦酒店,标准客房(无窗),"Standard Room, 2 Twin Beds, No Windows(含税费)(中宾)",381.04
广州卡丽皇家金煦酒店,高级客房,（大床）(内宾),454.19
广州卡丽皇家金煦酒店,豪华客房,Deluxe Room(含税费)(中宾),585.2
广州卡威尔酒店,特惠房,（双床）-限内宾,387.59
广州卡威尔酒店,高级客房,高级大床房（小窗房）(内宾),447.64
广州卡威尔酒店,豪华双人房,Deluxe Twin Room(含税费)(中宾),512.05
广州凯荣都国际大酒店,豪华双人房,-限时特惠,283.87
广州凯荣都国际大酒店,豪华单人房,-限时特惠,283.87
广州凯荣都国际大酒店,特惠房,-限时特惠,338.46
广州凯旋华美达大酒店,高级商务大床房,(不含早),685.65
广州凯旋华美达大酒店,商务套房,"Suite, Smoking, River View(内宾)",772.99
广州凯旋华美达大酒店,行政客房,Executive Room(内宾),837.41
广州科尔海悦酒店,特惠房,(内宾),550.27
广州科尔海悦酒店,标准房,标准双床间(内宾),573.2
广州科尔海悦酒店,标准大床房,标准大床间(内宾),596.12
广州克莱顿酒店,中式高级单人房,中式高级大床房(无早)(金牌以上会员特惠),360.29
广州克莱顿酒店,欧式高级双人房,欧式高级双床房(无早)(金牌以上会员特惠),382.13
广州克莱顿酒店,中式豪华双人房,中式豪华双床房(无早)(金牌以上会员特惠),393.05
广州空港假日别墅酒店,高级大床房,高级房(大床),281.2
广州空港假日别墅酒店,高级双人房,高级房(双床),303.03
广州空港假日别墅酒店,豪华大床房,（无早）(内宾),349.38
广州礼顿酒店,商务客房,商务大床房(不含早),534.98
广州礼顿酒店,行政双人房,行政双床房(不含早),562.28
广州礼顿酒店,商务套房,(提前1天预订)(大床),698.03
广州流花宾馆,标准大床房,标准客房(大床)(夏季限时抢)(无早),337.37
广州流花宾馆,标准双人房,(双床)(内宾),393.05
广州流花宾馆,豪华大床房,豪华客房(大床)(夏季限时抢)(无早),398.51
广州鸣泉居度假村,高级双人房,高级双床房(携程专享),353.35
广州鸣泉居度假村,高级单人房,高级大床房,500.04
广州鸣泉居度假村,标准套房,(携程专享)(大床),521.7
广州南方毅源大酒店,高级双床房,[无早],316.62
广州南方毅源大酒店,高级大床房,[无早],316.62
广州南方毅源大酒店,商务单人房,(不含早),401.78
广州南航明珠大酒店,标准客房,,999999.0
广州南航明珠大酒店,豪华套房,,999999.0
广州南航明珠大酒店,豪华大床房,,999999.0
广州南洋长胜酒店,标准双人房,Standard Room(含税费)(中宾),468.38
广州南洋长胜酒店,标准大床房,(卢浮宫)[双早],471.66
广州南洋长胜酒店,豪华双人房,(不含早),482.58
广州彭达大酒店,商务双人房,-无早，立即确认,223.82
广州彭达大酒店,豪华双人房,(双床)(内宾),287.14
广州彭达大酒店,行政房,-无早，立即确认,340.64
广州珀丽酒店,行政客房,(连住4晚及以上)(大床),382.03
广州珀丽酒店,豪华客房,(大床),397.42
广州珀丽酒店,行政豪华房,(内宾),427.99
广州人和怡东酒店(白云机场店),高级房,(内宾),187.79
广州人和怡东酒店(白云机场店),商务房,(内宾),218.36
广州人和怡东酒店(白云机场店),商务大床房,(内宾),254.39
广州圣丰索菲特大酒店,高级双人房,高级房(提前21天预订)(双床),725.53
广州圣丰索菲特大酒店,高级大床房,Superior Room 1 King Size Bed(含税费)(大床)(中宾),805.75
广州圣丰索菲特大酒店,豪华房,LUXURY ROOM 1 King Size Bed(含税费)(大床)(中宾),980.44
广州十甫假日酒店,假日高级房,Superior Room(含税费)(中宾),576.47
广州十甫假日酒店,假日豪华房,Deluxe Room(含税费)(中宾),631.06
广州十甫假日酒店,商务客房,(特惠大促销)(双人入住)[无早](双床),736.97
广州四季酒店,豪华城景房,"Deluxe Room, 1 King Bed(含税费)(中宾)",1357.11
广州四季酒店,豪华江景大床房,"Deluxe Room, 1 King Bed, River View(含税费)(中宾)",1703.21
广州四季酒店,尊贵江景房,"Premier Room, 1 King Bed, River View, Corner(含税费)(中宾)",1918.29
广州天一酒店,高级客房,高级双人房(双床)(内宾),346.1
广州天一酒店,豪华双床房,(双床)(限时促销)(双人入住)[无早],361.39
广州天一酒店,特惠豪华双床房,(内宾),422.53
广州威尼国际酒店,高级双人房,高级客房(不含早),414.88
广州威尼国际酒店,高级大床房,(不含早),414.88
广州威尼国际酒店,商务双人房,商务客房(无早),548.08
广州维多利酒店,商务大床房,(限时特惠无早),565.55
广州维多利酒店,豪华商务房,豪华商务双床房(限时特惠无早),587.39
广州维多利酒店,至尊豪华客房,至尊豪华特大床房(今日特惠)(双早),729.32
广州香格里拉大酒店,豪华客房,"Deluxe Room, 1 King Bed(含税费)(中宾)",841.78
广州香格里拉大酒店,豪华江景客房,"Deluxe Room, 1 King Bed, River View(含税费)(中宾)",948.77
广州香格里拉大酒店,尊荣江景客房,"Premier Room, 1 King Bed, River View(含税费)(中宾)",1056.86
广州香榭丽酒店,外景双床间,外窗双床房-限内宾,200.89
广州香榭丽酒店,商务双人房,-限内宾(双床),210.72
广州香榭丽酒店,标准双人房(部分无窗),标准双人房(双床)(内宾),212.9
广州新东豪酒店,豪华双人房,(提供免费接机服务)(双床),362.77
广州新东豪酒店,豪华单人房,(提供免费接机服务)(大床),362.77
广州新东豪酒店,豪华套房,(提供免费接机服务)(大床),756.19
广州新天河宾馆,特惠双床间,特惠双床房(特惠),272.49
广州新天河宾馆,大床房,(特惠),291.29
广州新天河宾馆,特惠房(无窗),((特惠)),312.25
广州新珠江大酒店,标准双床房,(内宾),436.72
广州新珠江大酒店,标准单床房,(内宾),436.72
广州新珠江大酒店,豪华单床房,(内宾),539.35
广州阳光酒店,高级园景大床房,高级客房(大床),751.65
广州阳光酒店,高级园景双床房,高级客房(双床),751.65
广州阳光酒店,高级江景大床房,"Superior Room, River View (King Bed, Facebook/Twitter available)(内宾)",814.48
广州永成酒店,标准双人房,"标准客房(清爽一""夏"")",282.89
广州永成酒店,高级双人房,"高级客房(清爽一""夏"")",292.8
广州永成酒店,标准大床房,(双人入住)(特惠专享)(双早),360.29
广州裕通大酒店,高级大床房,,385.06
广州裕通大酒店,高级双人房,(不含早),420.34
广州裕通大酒店,豪华大床房,,454.56
广州远洋宾馆,标准双人房,标准房(大床)(会员特惠)(特惠大促销)(双人入住)[无早],403.97
广州远洋宾馆,商务双人房,商务房(会员特惠)(特惠大促销)(双人入住)[无早],453.1
广州远洋宾馆,商务大床房,商务标间（大床）(内宾),510.96
广州粤海喜来登酒店,豪华大床房,(不含早),953.14
广州粤海喜来登酒店,豪华双人房,豪华房(双人入住)(连住2晚及以上)(无早)(特惠专享),971.7
广州粤海喜来登酒店,尊尚大床房,(不含早),1066.69
广州云来斯堡酒店,高级双人房,(双床),764.26
广州云来斯堡酒店,高级大床房,,764.26
广州云来斯堡酒店,豪华大床房,Deluxe Double Room(大床)(内宾),842.87
广州云丽大酒店,高级大床房,(今夜甩卖),306.41
广州云丽大酒店,高级双床房,(今夜甩卖),306.41
广州云丽大酒店,豪华双床房,(今夜甩卖),352.08
广州正佳广场万豪酒店,豪华城景房,-不含早,1100.53
广州正佳广场万豪酒店,豪华房,(特惠大促销)(双人入住)[无早],1122.37
广州正佳广场万豪酒店,至尊豪华房,尊贵客房(特惠大促销)(双人入住)[无早],1245.74
广州中国大酒店,行政房,(内宾),806.84
广州中国大酒店,豪华房,(不含早),827.58
广州中国大酒店,尊贵房,Premier Room(内宾),921.48
广州中心皇冠假日酒店,皇冠高级房,(大床)(白金以上会员特惠)(特惠大促销)(双人入住)(无早),738.06
广州中心皇冠假日酒店,皇冠豪华房,(白金以上会员特惠)(特惠大促销)(双人入住)(无早),849.42
广州中心皇冠假日酒店,景观房,Room WITH VIEWS(内宾),939.11
广州珠江帝景酒店,标准单人房,(大床)(内宾),537.17
广州珠江帝景酒店,标准双人房,标准双人间(双床)(内宾),537.17
广州珠江帝景酒店,高级房,高级双床房(内宾),651.8
广州珠江国际酒店,商务房,(无早)(特惠大促销)(双床),491.31
广州珠江国际酒店,精英双床间,精英双床房(无早)(双床),507.69
广州珠江国际酒店,景观双床间,景观双床房(无早)(双床),540.44
贵州温州大酒店(贵阳),普通标准间,普通标间(双床)(内宾),163.77
贵州温州大酒店(贵阳),普通单人间,普通单间(大床)(内宾),188.88
贵州温州大酒店(贵阳),三人间,(内宾),235.83
贵州浙江大酒店(贵阳),高级标准间,高级标间(双床),318.35
贵州浙江大酒店(贵阳),商务标准间,商务标间(双床),318.35
贵州浙江大酒店(贵阳),钻石标准间,钻石标间(双床),383.52
哈尔滨艾美酒店,舒适大床房,,206.57
哈尔滨艾美酒店,豪华至尊标准间,豪华至尊标间(双人入住)[双早](双床),263.12
哈尔滨艾美酒店,豪华大床房,(标准价),362.48
哈尔滨勃莱梅假日酒店,情怡大床房,(激情东北),362.81
哈尔滨勃莱梅假日酒店,标准双人房,(激情东北)(双床),411.38
哈尔滨勃莱梅假日酒店,欧陆特色房,(大床),425.14
哈尔滨福顺天天大酒店,商务房,商务间(双床),375.26
哈尔滨福顺天天大酒店,豪华房,豪华大床房,515.97
哈尔滨福顺天天大酒店,豪华套房,(大床),626.75
哈尔滨华旗饭店,双人标准间B,双人标准房(双床),485.85
哈尔滨华旗饭店,高级大床标准间,,595.03
哈尔滨华旗饭店,高级标准间,高级双人标准间(双床),598.17
哈尔滨蓝天宾馆(机场店),标准间,(双床)(内宾),173.6
哈尔滨蓝天宾馆(机场店),大床房,(内宾),183.42
哈尔滨蓝天宾馆(机场店),家庭房,(双床)(内宾),222.73
哈尔滨索菲特大酒店,豪华客房,豪华房(双床),548.89
哈尔滨索菲特大酒店,高级房,(提前14天预订)(大床),637.72
哈尔滨索菲特大酒店,行政客房,行政房(双床),718.54
哈尔滨天植大酒店,标准间,(限时抢)(双床),264.74
哈尔滨天植大酒店,豪华标准间,豪华标间(双床),324.39
哈尔滨天植大酒店,豪华大床间,豪华大床房,324.39
哈尔滨万达嘉华酒店,豪华房,(大床),716.6
哈尔滨万达嘉华酒店,高级豪华房,(双床),827.37
哈尔滨万达嘉华酒店,行政双人房,行政豪华房(大床),1049.99
哈尔滨万达索菲特大酒店,豪华客房,豪华房(双床),548.89
哈尔滨万达索菲特大酒店,高级房,(提前14天预订)(大床),637.72
哈尔滨万达索菲特大酒店,行政客房,行政房(双床),718.54
哈尔滨惟景假日酒店,手绘大床间,彩绘单人间(今夜甩卖)(大床),167.05
哈尔滨惟景假日酒店,主题大床间,主题单人间特卖-限内宾,230.37
哈尔滨惟景假日酒店,温馨标准间,特卖-限内宾(双床),314.44
哈尔滨香格里拉大酒店,高级标准房,高级双床间(内宾),973.93
哈尔滨香格里拉大酒店,高级大床房,高级大床客房(内宾),973.93
哈尔滨香格里拉大酒店,豪华单人房,豪华江景大床房(内宾),1106.53
哈尔滨新凯莱花园大酒店,豪华大床房,豪华客房(大床),339.08
哈尔滨新凯莱花园大酒店,豪华双人房,豪华客房（双床）((秒杀）含双早),369.03
哈尔滨新凯莱花园大酒店,豪华套房,(大床),442.17
哈尔滨正明锦江大酒店,高级大床间,高级标准间(大床),296.78
哈尔滨正明锦江大酒店,豪华间,(限时促销)(大床),395.12
哈尔滨正明锦江大酒店,商务间,(限量特惠)(大床),486.71
海口美灵旅馆(机场店),普通大床房,(限时促销),116.07
海口美灵旅馆(机场店),普通双床房,(限时促销),125.91
海口美灵旅馆(机场店),豪华大床房,(限时促销),135.74
海口农家庄园(机场店),普通大床房,,999999.0
海口农家庄园(机场店),普通双床间,,999999.0
海口农家庄园(机场店),家庭房,,999999.0
海口椰海大酒店,高级双人房,(夏季特惠)(双床),288.86
海口椰海大酒店,商务双标房,(限量-促销)(双床),298.74
海口椰海大酒店,豪华双人房,(夏季特惠)(双床),310.57
海南鸿运大酒店(海口),高级大床房,(限量特惠),227.34
海南鸿运大酒店(海口),高级双床房,(内宾),228.19
海南鸿运大酒店(海口),豪华房,豪华双人房(双床)(内宾),287.14
海南皇马假日大酒店(海口),商务间,商务大床房(感恩回馈),268.23
海南皇马假日大酒店(海口),标准双人间,标准双床房(提前3天预订),298.25
海南皇马假日大酒店(海口),标准单人房,标准大床房(内宾),340.64
海南金源商务酒店(海口),高级大床房,(无早)(特惠大促销),123.37
海南金源商务酒店(海口),豪华大床房,,185.69
海南金源商务酒店(海口),高级双人房,(无早)(特惠大促销)(双床),188.88
海南太阳城大酒店(海口),高级商务大床房,(大床)(5间起订)(特惠专享)(无早),327.54
海南太阳城大酒店(海口),高级商务双人房,高级商务双标房(双床)(5间起订)(特惠专享)(无早),327.54
海南太阳城大酒店(海口),(新)高级商务大床房,高级商务大床房(大床)(5间起订)(特惠专享)(非online)(无早),327.54
海南乌兰温泉大酒店(海口),花园商务房,,353.86
海南乌兰温泉大酒店(海口),花园标准房,(双床),353.86
海南乌兰温泉大酒店(海口),高级花园商务房,,373.63
海南新燕泰大酒店(海口),标准园景双床房,标准园景双标间(双床)(内宾),494.59
海南新燕泰大酒店(海口),标准海景双床房,标准海景双标间(双床)(内宾),494.59
海南新燕泰大酒店(海口),高级海景单人房,高级海景单人间(大床),518.61
海南迎宾馆(海口),豪华商务房,( 享携程拼车接机 )(清新海南)(双床),487.8
海南迎宾馆(海口),豪华行政房,( 享携程拼车接机 )(清新海南)(大床),487.8
海南迎宾馆(海口),豪华商务景观房,(双床)(双人入住)(内宾)(E专享)[无早],764.26
汉庭酒店(深圳宝安机场福永店),高级大床房,,191.9
汉庭酒店(深圳宝安机场福永店),双床房,,202.06
汉庭酒店(深圳宝安机场福永店),零压豪华大床房,零压-豪华大床房,221.35
杭州百合花饭店,特惠房,特惠单人间,305.69
杭州百合花饭店,标准房,标准间(双床),395.18
杭州百合花饭店,豪华大床房,,541.43
杭州大厦,精致大床房,(特惠),596.79
杭州大厦,高级标准房,(限量抢购)(双床),696.59
杭州大厦,高级大床房,,754.53
杭州湖光饭店,标准房,(错峰出游)(双床),372.41
杭州湖光饭店,普通大床房,大床房(错峰出游),374.36
杭州湖光饭店,商务标准房,(错峰出游)(双床),396.06
杭州花港海航度假酒店,高级景观房,高级景观标准房(双床)(内宾),378.85
杭州花港海航度假酒店,高级沙龙房,高级沙龙标准房(双床)(内宾),412.7
杭州花港海航度假酒店,花港丽景房,花港丽景标准房(双床)(内宾),447.64
杭州华辰国际饭店,精致市景房,精致房(大床)(内宾),420.34
杭州华辰国际饭店,豪华市景双人房,豪华双床房[无早]-超值特惠,456.37
杭州华辰国际饭店,豪华市景大床房,豪华大床房[无早]-超值特惠,456.37
杭州黄龙饭店,高级房,(内宾),917.11
杭州黄龙饭店,豪华房,(内宾),1169.32
杭州黄龙饭店,雅致景观房,雅致景观客房(内宾),1318.89
杭州火车东站和颐酒店,惠选标准间,和颐惠选双床房(内宾)(清凉一夏),327.74
杭州火车东站和颐酒店,商务大床房,和颐商务房(大床)(内宾),401.78
杭州火车东站和颐酒店,商务标准间,(双早)(双床),409.43
杭州开元名都大酒店,高级双床房,（含早）,655.08
杭州开元名都大酒店,豪华双床房,（含早）,698.75
杭州开元名都大酒店,商务双床间,商务双床房(开元直销 服务保证),776.43
杭州孔雀大酒店,3号楼标准房,副楼号楼标准房(双床)(内宾),379.95
杭州孔雀大酒店,主楼商务房,主楼商务间(超值特惠)(大床),384.66
杭州孔雀大酒店,主楼标准房,主楼标准间(双床)(内宾),478.21
杭州雷迪森铂丽大饭店,高级双人房,高级双床房(内宾),742.42
杭州雷迪森铂丽大饭店,豪华房,豪华双床房豪华双床房,818.85
杭州雷迪森铂丽大饭店,高级特色大床房,(内宾),928.03
杭州纳德大酒店,高级双人房,(双床),550.27
杭州纳德大酒店,豪华大床房,,560.09
杭州纳德大酒店,豪华双人房,豪华标准房(双床),560.09
杭州仁和饭店,商务大床房,(内宾),514.24
杭州仁和饭店,豪华大床房,(内宾)(限时 特惠),591.09
杭州仁和饭店,商务标准房,(双床)(内宾),617.96
杭州索菲特西湖大酒店,高级大床房,高级房(连住2晚及以上)(大床),903.1
杭州索菲特西湖大酒店,高级双人房,高级房(特惠大促销)(双人入住)[无早],990.26
杭州索菲特西湖大酒店,高级市景双人房,高级市景双床房(连住2晚及以上),1003.32
杭州索菲亚大酒店,行政客房,行政大床房,668.4
杭州索菲亚大酒店,豪华套房,(大床),1671.25
杭州索菲亚大酒店,行政套房,(大床),1671.25
杭州维景国际大酒店,高级双人房,高级房(白金以上会员特惠)(特惠大促销)(双人入住)(无早),538.26
杭州维景国际大酒店,商务大床房,(大床)(白金以上会员特惠)(特惠大促销)(双人入住)(无早),567.74
杭州维景国际大酒店,行政房,(特惠大促销)(双人入住)[无早],567.74
杭州温德姆至尊豪廷大酒店,豪华房,[无早],893.42
杭州温德姆至尊豪廷大酒店,尊享房,[无早],1063.41
杭州温德姆至尊豪廷大酒店,行政大床房,(双人入住)(白金以上会员特惠)(双早)(特惠大促销),1539.44
杭州五洋宾馆,标准房,(连住2晚及以上)(双床),464.47
杭州五洋宾馆,大床房,标准,500.56
杭州五洋宾馆,商务标准房,商务双床房,545.12
杭州西湖国宾馆,庭院双床房,(特惠大促销)(双人入住)[双早],1148.57
杭州西湖国宾馆,庭院大床房,(特惠大促销)(双人入住)[双早],1148.57
杭州西湖国宾馆,2号楼亲水大床房,(双早)(特惠大促销),1520.88
杭州香格里拉饭店,山景双人房,-含双早，精选特惠,1015.37
杭州香格里拉饭店,山景大床房,-含双早，精选特惠,1015.37
杭州香格里拉饭店,园景双人房,-含双早，精选特惠,1124.55
杭州萧山机场航峰宾馆,特惠间(无窗),特惠房(无窗)(内宾)(特惠),147.0
杭州萧山机场航峰宾馆,普通标准间,(内宾)(特惠)(双床),173.67
杭州萧山机场航峰宾馆,普通大床间,(内宾)(特惠),183.21
杭州萧山靖江航鑫商务酒店,高级标准间,(内宾)(提前预约免费接送机)(双床),121.15
杭州萧山靖江航鑫商务酒店,高级大床间,(内宾)(提前预约免费接送机),121.15
杭州萧山靖江航鑫商务酒店,三人间,(内宾),155.04
杭州新侨饭店,高级单人房,(内宾),605.95
杭州新侨饭店,豪华侧湖景大床房,(内宾),699.84
杭州新侨饭店,行政房,(大床)(内宾),742.42
杭州玉皇山庄,丽景双床房,(内宾),500.04
杭州玉皇山庄,高级双床房,(内宾),571.01
杭州玉皇山庄,雅致大床房,(内宾),571.01
河南五洲大酒店,豪华阳光大床房,(内宾),417.07
河南五洲大酒店,豪华阳光双床间,豪华阳光双床房(内宾),422.53
河南五洲大酒店,豪华园景双床间,豪华园景双床房(内宾),432.35
河南永和铂爵国际酒店,豪华标准间,豪华双床房(5间起订),757.47
河南永和铂爵国际酒店,商务大床间,商务大床房,764.26
河南永和铂爵国际酒店,商务标准间,商务双床房,764.26
黑龙江昆仑大酒店(哈尔滨),行政标准间,(双床),285.25
黑龙江昆仑大酒店(哈尔滨),豪华标准间,(双床),324.69
黑龙江昆仑大酒店(哈尔滨),行政套间, 双床,631.06
湖南富丽华大酒店,高级双床房,,451.74
湖南富丽华大酒店,高级大床房,(内宾),471.66
湖南富丽华大酒店,豪华大床房,,490.7
湖南富丽华大酒店(长沙),高级双床房,,451.74
湖南富丽华大酒店(长沙),高级大床房,(内宾),471.66
湖南富丽华大酒店(长沙),豪华大床房,,490.7
华清爱琴海国际温泉酒店(西安临潼),华清苑客栈标准大床房,华清苑客栈标准间(大床),310.37
华清爱琴海国际温泉酒店(西安临潼),一期华清苑标准间,华清苑客栈标准间(连住2晚及以上)(双床),318.85
华清爱琴海国际温泉酒店(西安临潼),豪华客房,豪华标准间(双床),498.98
华商酒店(北京三元桥燕莎店),豪华大床房,豪华大床间(内宾),417.07
华商酒店(北京三元桥燕莎店),豪华标准房,豪华标间(双床)(内宾),417.07
华商酒店(北京三元桥燕莎店),商务三人间,(外宾),450.52
江苏辰茂新世纪大酒店,经典湖景标准间,-限内宾(双床),377.76
江苏辰茂新世纪大酒店,商务湖景标准间,-限内宾(双床),386.5
江苏辰茂新世纪大酒店,商务湖景大床间,(季节促销),403.29
江苏辰茂新世纪大酒店(原江苏新世纪大酒店),经典湖景标准间,-限内宾(双床),377.76
江苏辰茂新世纪大酒店(原江苏新世纪大酒店),商务湖景标准间,-限内宾(双床),386.5
江苏辰茂新世纪大酒店(原江苏新世纪大酒店),商务湖景大床间,(季节促销),403.29
江苏翠屏山宾馆(南京),豪华标准间,(双床),469.47
江苏翠屏山宾馆(南京),高级标准间,(双床),469.47
江苏翠屏山宾馆(南京),精品商务房,(大床),640.89
金茂北京威斯汀大饭店,豪华客房,威斯汀(双人入住)(连住2晚及以上)(今日特惠)(双早),962.97
金茂北京威斯汀大饭店,顶级客房,威斯汀高级豪华客房(提前1天预订)(无早),1375.67
金茂北京威斯汀大饭店,行政豪华客房,威斯汀(单早)(提前1天预订),1637.7
锦江福建大厦,标准双人间,-无早特惠,469.47
锦江福建大厦,标准大床间,-无早特惠,469.47
锦江福建大厦,商务双人间,-单早特惠,633.24
锦江辽宁大厦,豪华大床间,[无早],685.65
锦江辽宁大厦,商务豪华间,[无早](大床),840.69
锦江辽宁大厦,行政高级大床间,[单早],949.87
锦江之星(北京西客站店),标准房C,(预付特惠),352.76
锦江之星(北京西客站店),商务房B,(预付特惠),372.41
锦江之星(北京西客站店),商务房A,(预付特惠),382.24
锦江之星(大连机场店),商务房C,(大床)(内宾),267.49
锦江之星(大连机场店),特惠房,(内宾),268.58
锦江之星(大连机场店),单人房A,(内宾),278.41
锦江之星(深圳宝安机场店),单人房A,-限内宾,182.33
锦江之星(深圳宝安机场店),标准房B,-限内宾(双床),218.36
锦江之星(深圳宝安机场店),商务房B,Business Room B(含税费)(中宾),234.74
空军武汉梅园宾馆,东院豪华单人间,(大床)(内宾),320.99
空军武汉梅园宾馆,西院商务单人间,(大床)(内宾),334.09
空军武汉梅园宾馆,西院商务标准间,(双床)(内宾),338.46
昆仑乐居商务酒店(郑州机场南航店),豪华大床房,(内宾),281.68
昆仑乐居商务酒店(郑州机场南航店),豪华标准房,豪华双床房(内宾),281.68
昆明长水机场云水星际大酒店(免费接送机),双人房,双床房(内宾),217.27
昆明长水机场云水星际大酒店(免费接送机),大床房,(内宾),217.27
昆明长水机场云水星际大酒店(免费接送机),豪华双人房,豪华双床房(内宾),234.74
昆明万达文华酒店,豪华房,豪华客房,1584.2
昆明万达文华酒店,高级豪华房,,1672.64
昆明万达文华酒店,豪华套房,(大床),2468.56
乐可佳苑酒店（原北京北方佳苑饭店）,标准双人房,标准间（双床）(内宾),743.52
乐可佳苑酒店（原北京北方佳苑饭店）,豪华房,Deluxe Double Room(含税费)(中宾),747.88
乐可佳苑酒店（原北京北方佳苑饭店）,标准大床房,(内宾),760.98
丽枫酒店（深圳机场新航站楼店）,标准单人房,(大床)(内宾),283.87
丽枫酒店（深圳机场新航站楼店）,豪华大床房,,331.3
丽枫酒店（深圳机场新航站楼店）,豪华双人房,豪华双床房(内宾),369.03
南京白宫大酒店,街景标准房,街景标准间(双床)(内宾),301.34
南京白宫大酒店,街景大床房,街景大床间,330.72
南京白宫大酒店,湖景标准房,湖景标准间(双床)(内宾),349.38
南京丁山宾馆,丁山楼标准间,(内宾),287.14
南京丁山宾馆,小型公寓双床间,小型公寓双床房(内宾),287.14
南京丁山宾馆,公寓楼一室一厅套间,公寓楼一室一厅套房(大床)(内宾),481.48
南京丁山花园大酒店,丁山楼标准双人间,副楼丁山楼标准间(双床),370.12
南京丁山花园大酒店,主楼豪华双人间,主楼豪华间-限内宾,480.39
南京丁山花园大酒店,主楼园景豪华间,-限内宾,503.32
南京方源金陵国际酒店,标准房,标准大床间(云轩楼)(内宾),351.56
南京方源金陵国际酒店,云轩楼高级房,云轩楼高级双床间(内宾),390.86
南京方源金陵国际酒店,高级房,方源楼高级大床房(内宾),410.52
南京国睿金陵大酒店,高级房,(连住2晚及以上)(双床),397.2
南京国睿金陵大酒店,豪华房,豪华大床房,408.33
南京国睿金陵大酒店,商务双床房,商务房(提前3天预订)(双床),497.01
南京国信状元楼大酒店,特惠双人间,特惠双床房[无早],589.57
南京国信状元楼大酒店,特惠大床间,特惠大床房[无早],599.4
南京国信状元楼大酒店,标准双人间,Standard Twin Room(含税费)(中宾),702.03
南京湖滨金陵饭店,标准间,"Standard Room, 1 Bedroom, Garden View(含税费)(中宾)",494.59
南京湖滨金陵饭店,豪华园景房,"Deluxe Room, 1 Bedroom, Garden View(含税费)(中宾)",513.15
南京湖滨金陵饭店,豪华双床间,豪华双床房(双人入住)(白金以上会员特惠)(双早)(特惠大促销),597.21
南京金奥费尔蒙酒店,豪华房,(双人入住)(无早)(特惠大促销),775.18
南京金奥费尔蒙酒店,豪华江景大床房,豪华江景房(难忘时刻)(大床),995.8
南京金奥费尔蒙酒店,豪华江景双床房,豪华江景房(连住2晚及以上)(双床),1039.72
南京金陵饭店,金陵楼豪华房,(今日特惠)(内宾)(非online),611.41
南京金陵饭店,金陵楼行政豪华房,行政豪华房（金陵楼）(大床),702.03
南京金陵饭店,金陵楼商务房,商务双（金陵楼）(双床),878.9
南京金陵晶元大酒店,高级房A,高级双床房A,375.58
南京金陵晶元大酒店,雅致单人房,雅致单间,383.52
南京金陵晶元大酒店,豪华房,豪华双床间,441.09
南京金鹰皇冠假日酒店(原侨鸿皇冠假日酒店),皇冠高级房,Superior Room(含税费)(中宾),610.32
南京金鹰皇冠假日酒店(原侨鸿皇冠假日酒店),皇冠豪华房,Deluxe Room(含税费)(中宾),627.79
南京金鹰皇冠假日酒店(原侨鸿皇冠假日酒店),精致套房,"Junior Suite, 1 King Bed(含税费)(中宾)",695.48
南京金鹰珠江壹号国际酒店,高级双人间,高级房(内宾),571.01
南京金鹰珠江壹号国际酒店,高级大床间,(内宾),583.02
南京金鹰珠江壹号国际酒店,豪华房,(大床)(内宾),685.65
南京凯铂精品酒店,凯铂商务房,凯铂商务客房(智慧清新房携程专享)(大床),413.17
南京凯铂精品酒店,数字化商务大床房,,432.94
南京凯铂精品酒店,凯铂双大床房,(智慧清新房携程专享),442.83
南京朗昇希尔顿酒店,希尔顿双人房,"Twin Room, 2 Single Beds, Non Smoking(含税费)(中宾)",647.44
南京朗昇希尔顿酒店,无障碍客房,标准无障碍大床客房(内宾),729.31
南京朗昇希尔顿酒店,希尔顿大床房,希尔顿大床客房(内宾),729.31
南京禄口机场铂尔曼大酒店,高级双人房,-特惠,729.32
南京禄口机场铂尔曼大酒店,豪华双人房,-特惠,729.32
南京禄口机场铂尔曼大酒店,高级大床房,-特惠,729.32
南京绿地洲际酒店,洲际高级房,Superior Room (Intercontinental)(中宾),925.85
南京绿地洲际酒店,洲际景观房, 双床,1043.76
南京绿地洲际酒店,洲际行政房,Club Room (Intercontinental)(中宾),1381.13
南京米兰假日大酒店,单人房,单人间(无窗)(特惠)(内宾),202.77
南京米兰假日大酒店,特惠大床房,(内宾),206.35
南京米兰假日大酒店,标准房,(双床)(内宾),211.81
南京山水大酒店,梦百合零压床特色套房,(大床),521.89
南京山水大酒店,雅致商务大床房,雅致商务大床间,541.7
南京山水大酒店,特色套间,特色套房(大床)(内宾),549.18
南京曙光国际大酒店,市景标准房,标准双床城景房(内宾),452.01
南京曙光国际大酒店,湖景标准房,标准双床湖景房(内宾),533.89
南京曙光国际大酒店,湖景大床房,标准大床湖景房(内宾),533.89
南京索菲特银河大酒店,高级房,高级城景双床房(不含早),543.72
南京索菲特银河大酒店,豪华房,豪华双床房(双床)(特惠大促销)(双人入住)[无早],699.84
南京索菲特银河大酒店,高级套房,(大床)(非online)[双早],1255.57
南京天丰大酒店,特色标准间(无窗)(天丰楼),特色标准间(无窗)(双床),266.23
南京天丰大酒店,景观标准间(天丰楼),景观标准间(双床)(内宾),376.67
南京天丰大酒店,行政大床间(天丰楼),行政大床间(内宾),422.53
南京维景国际大酒店,高级大床间,高级大床房(内宾),566.64
南京维景国际大酒店,高级双人间,高级双床房(内宾),583.02
南京维景国际大酒店,豪华大床间,豪华大床房(内宾),678.01
南京香格里拉大酒店,豪华大床房,"Deluxe Room, 1 King Bed(含税费)(中宾)",945.5
南京香格里拉大酒店,豪华双人房,"Deluxe Room, 2 Twin Beds(含税费)(中宾)",945.5
南京香格里拉大酒店,高级豪华大床房,"Premier Room, 1 King Bed(含税费)(中宾)",1040.49
南京新纪元大酒店,高级大床间,(内宾),562.28
南京新纪元大酒店,豪华大床间,(大床)(特惠专享)[无早],600.49
南京新纪元大酒店,高级双床间,-限时优惠,982.62
南京中山大厦,商务单床房,商务单人间(内宾),493.49
南京中山大厦,商务标准房,商务标准间(双床)(内宾),502.23
南京中山大厦,行政大床房,行政大床间(内宾),573.2
南京中心大酒店,高级房,(内宾),576.47
南京中心大酒店,豪华房,(内宾),627.79
南京中心大酒店,行政房,Executive Room(含税费)(中宾),745.7
南京钟山宾馆(江苏省会议中心),主楼标准间,(双床),507.94
南京钟山宾馆(江苏省会议中心),主楼单人间,(大床),538.73
南京钟山宾馆(江苏省会议中心),贵宾楼标准间,贵宾楼双人间(双床)(内宾),542.62
欧瑞锦江大酒店,高级大床房,(无早)(会员特惠),541.53
欧瑞锦江大酒店,高级双床房,-(今日特惠)无早(内宾),550.27
欧瑞锦江大酒店,豪华园景大床房,-(今日特惠)无早(内宾),637.61
强强北京国际商务酒店,商务间,(无早),545.9
强强北京国际商务酒店,豪华商务间,Deluxe Business Room(含税费)(中宾),599.4
强强北京国际商务酒店,圆弧观景间,(大床)(内宾),835.23
青岛府新大厦,高级双床房,,887.56
青岛府新大厦,高级大床房,高级大床间,965.15
青岛府新大厦,商务标准房,海景商务双床房(乐享旅程),1019.21
青岛海景花园大酒店,高级单人间,(内宾),1265.4
青岛海景花园大酒店,特惠单人间,Single Room (without view )(含税费)(中宾),1298.15
青岛海景花园大酒店,豪华城景房,(内宾),1447.73
青岛汇泉王朝大饭店,北楼行政市景房,行政市景房(酒店★推荐)(大床),810.4
青岛汇泉王朝大饭店,南楼海景双人房,南楼海景房(酒店★推荐)(双床),921.15
青岛汇泉王朝大饭店,北楼行政海景房,行政海景房(酒店★推荐)(大床),1031.93
青岛快通国际酒店(原青岛快通雅高美爵酒店),内景特惠大床间,[现付直销],404.25
青岛快通国际酒店(原青岛快通雅高美爵酒店),经济标准双床间,,446.83
青岛快通国际酒店(原青岛快通雅高美爵酒店),经济标准大床间,(单早)(今日特惠),478.21
青岛丽晶大酒店,标准大床房,-限时特惠,1528.52
青岛丽晶大酒店,标准双人房,-限时特惠(双床),1528.52
青岛丽晶大酒店,套房,-限时特惠(大床),1746.88
青岛香格里拉大酒店,青香阁豪华大床房,"City Wing, Deluxe Room, 1 King Bed(含税费)(中宾)",1025.2
青岛香格里拉大酒店,青香阁豪华双人房,"City Wing, Deluxe Room, 2 Twin Beds(含税费)(中宾)",1025.2
青岛香格里拉大酒店,青香阁尊享房,"CITY WING, DELUXE GRAND ROOM, 2 SINGLE BEDS(双床)(内宾)",1235.71
青岛颐中皇冠假日酒店,皇冠高级房,Superior Room(含税费)(中宾),834.14
青岛颐中皇冠假日酒店,皇冠豪华房,Deluxe Room(含税费)(中宾),996.81
青岛颐中皇冠假日酒店,皇冠高级套房,Superior Suite(含税费)(中宾),1003.36
青岛友信航空公寓酒店,静居标准间,(无窗)(内宾)(提前1天预订)(双床),107.22
青岛友信航空公寓酒店,大床房,-即时确认(内宾),136.47
青岛友信航空公寓酒店,标准间,(内宾)(今夜甩卖)(双床),136.58
青岛证大喜玛拉雅酒店,豪华大床房,豪华间(酒店★推荐)(大床),787.44
青岛证大喜玛拉雅酒店,豪华间,(内宾),814.48
青岛证大喜玛拉雅酒店,高级豪华大床房,高级豪华间(酒店★推荐)(大床),986.99
全季酒店(重庆解放碑步行街店),双床间,双床房,317.81
全季酒店(重庆解放碑步行街店),大床房,,317.81
全季酒店(重庆解放碑步行街店),高级大床房,,346.24
如家快捷酒店(重庆江北机场双凤路店),大床房,(内宾),174.69
如家快捷酒店(重庆江北机场双凤路店),商务大床房,(内宾),201.98
如家快捷酒店(重庆江北机场双凤路店),标准双人房,标准双床房(内宾),209.63
三亚鸿洲埃德瑞度假酒店,高级山景套房,(提前3天预订)( 享携程拼车接机 ),328.34
三亚鸿洲埃德瑞度假酒店,高级海景套房,( 享携程拼车接机 ),338.32
三亚鸿洲埃德瑞度假酒店,高级河景套房,(连住4晚及以上)(清新海南)( 享携程拼车接机 ),348.29
三亚嘉宾国际酒店(5叶绿色饭店),翠庭居,(大床),359.2
三亚嘉宾国际酒店(5叶绿色饭店),豪华山海居,,426.89
三亚嘉宾国际酒店(5叶绿色饭店),豪华水云居,(连住4晚及以上)(浪漫季候风),527.93
三亚锦江宝宏大酒店(主楼),标准大床房,,228.25
三亚锦江宝宏大酒店(主楼),标准双人房,标准双床房(连住2晚及以上)( 享携程拼车接机 ),251.43
三亚锦江宝宏大酒店(主楼),高级豪华双人房,高级豪华双床房( 享携程拼车接机 )(连住2晚及以上)(限时促销),299.43
三亚林达海景酒店,园景房,(内宾),235.83
三亚林达海景酒店,标准海景房,标准海景双床房(内宾),266.4
三亚林达海景酒店,高级海景房,高级海景双床房(内宾),379.95
三亚南山迎宾馆(祈福禅修度假养生),禅悦双床间,禅悦双床房,549.67
三亚南山迎宾馆(祈福禅修度假养生),禅悦大床房,(双早),589.57
三亚南山迎宾馆(祈福禅修度假养生),自在双床房,(双人入住)(双早)(双床),644.16
三亚天通建国酒店(原天通国际酒店),池景复式套房,(大床)(内宾),432.35
三亚天通建国酒店(原天通国际酒店),休闲海景房,休闲海景双床房(内宾),432.35
三亚天通建国酒店(原天通国际酒店),高级海景房,(内宾),443.27
三亚天域度假酒店,一区园景房,园景房(连住3晚及以上)(双早),1080.88
三亚天域度假酒店,特惠房,-限时优惠,1637.7
三亚天域度假酒店,二区豪华山景房,-限时优惠,2183.6
三亚湾红树林度假世界(木棉酒店),城市景观双床房,城市景观房(双床)(内宾),465.11
三亚湾红树林度假世界(木棉酒店),豪华园景房,(内宾),567.74
三亚湾红树林度假世界(木棉酒店),豪华套房,(大床)(内宾),898.55
三亚喜来登度假酒店,高级高尔夫景房,(预付促销),742.5
三亚喜来登度假酒店,高级园景房,(预付促销),835.31
三亚喜来登度假酒店,环礁湖景观房,(预付促销),928.13
三亚夏威夷大酒店,市景大床房,(限量抢购),196.74
三亚夏威夷大酒店,市景双人房,市景双床房(连住2晚及以上),196.74
三亚夏威夷大酒店,豪华双人房,豪华双床房(限量特惠),226.25
三亚亚龙湾辛特拉套房度假酒店,标准双人房,标准双床房(无早优选)(含迷你吧畅饮+延迟退房14点),298.01
三亚亚龙湾辛特拉套房度假酒店,景观房,景观双床房(无早优选)(含迷你吧畅饮+延迟退房14点),318.01
三亚亚龙湾辛特拉套房度假酒店,景观套房,(双人入住)[双早](大床),423.62
三亚珠江花园酒店,高级标准房,( 享携程拼车接机 )(提前3天预订)(双床),304.94
三亚珠江花园酒店,豪华房,豪华标准房( 享携程拼车接机 )(无早特惠.提供接机),334.64
三亚珠江花园酒店,花园海景房,( 享携程拼车接机 )(提前3天预订),394.04
山水时尚酒店(北京前门店),精品大床房,(单早)(大床),419.25
山水时尚酒店(北京前门店),商务大床房,DOUBLE-BUSINESS(含税费)(大床)(中宾),425.8
山水时尚酒店(北京前门店),温馨大床房,(限时抢购),501.88
山西华苑宾馆,小单间,,136.74
山西华苑宾馆,中单人间,中单间(大床)(内宾),156.41
山西华苑宾馆,标准间,-限内宾(双床),198.71
山西晋商国际大酒店,豪华房,(尾房惊喜优惠),288.74
山西晋商国际大酒店,豪华套房,(双床),508.14
山西晋商国际大酒店,家庭套房,豪华,598.05
山西龙城国际饭店,单人间,,347.96
山西龙城国际饭店,标准间,(限时抢购)(双床),438.95
山西龙城国际饭店,大床房,(限时抢购),448.93
山西泰瑞国际商务酒店,豪华房,豪华间(内宾),298.06
山西泰瑞国际商务酒店,行政豪华房,(内宾),378.85
山西泰瑞国际商务酒店,行政商务房,(大床)(内宾),687.83
山西万狮京华(维景国际)大酒店,标准单床房,(今夜促销限制当天15点后预订),367.28
山西万狮京华(维景国际)大酒店,高级客房,,473.1
山西万狮京华(维景国际)大酒店,商务套房,(今夜促销限制当天15点后预订)(双床),528.93
山西愉园大酒店,特惠房,(特惠)(双床),298.53
山西愉园大酒店,商务房,商务间(内宾),320.99
山西愉园大酒店,行政标准间,行政标准房(双床)(内宾),355.93
山西政协宾馆,康体房,(午夜房 限22:00-早10:00入住),117.63
山西政协宾馆,普通标间,(尾房惊喜优惠)(双床),195.71
山西政协宾馆,商务标间,(双床)(内宾),227.09
陕西文德商务酒店(钟楼火车站万达广场市中心),商务大床房,(尾房大促销， 19点-次日6点),156.1
陕西文德商务酒店(钟楼火车站万达广场市中心),商务标准房,商务标间(尾房大促销， 19点-次日6点)(双床),156.1
陕西文德商务酒店(钟楼火车站万达广场市中心),亲子单人房,亲子单间(内宾),243.95
陕西颐和宫大酒店,迷你间,迷你房(大床)(内宾),251.11
陕西颐和宫大酒店,标准间,标准双床房(内宾),259.85
陕西颐和宫大酒店,大床间,标准单间(大床)(内宾),259.85
赏花推荐-武汉保利大酒店,副楼标准间,附楼标准间(双床),297.4
赏花推荐-武汉保利大酒店,副楼单人间,附楼单人间(大床),297.4
赏花推荐-武汉保利大酒店,商务标准间,商务双床房(今夜甩卖),347.32
深圳宝利来国际大酒店,豪华客房,豪华大床房,797.01
深圳宝利来国际大酒店,高级客房,高级大床房,829.77
深圳宝利来国际大酒店,行政客房,行政双床房,1091.8
深圳大梅沙京基海湾大酒店,豪华双床间,豪华双床房(特惠大促销)[双早],1191.76
深圳大梅沙京基海湾大酒店,豪华大床房,(特惠大促销)[双早],1191.76
深圳大梅沙京基海湾大酒店,高级大床房,(空气清新房携程专享)(乐享缤纷下午茶),1206.57
深圳东方银座美爵酒店,高级双人房,Superior 2 Single Beds Room(含税费)(双床)(中宾),512.05
深圳东方银座美爵酒店,高级大床房,(提前3天预订)[无早],551.36
深圳东方银座美爵酒店,豪华大床房,(提前3天预订)[无早],633.24
深圳芙蓉宾馆,标准双人房,-限内宾(双床),362.48
深圳芙蓉宾馆,商务房,-限内宾(大床),386.5
深圳芙蓉宾馆,行政房,(大床),481.49
深圳福朋喜来登酒店,高级双人房,高级房(内宾),715.13
深圳福朋喜来登酒店,舒适客房,(大床)(内宾),759.89
深圳福朋喜来登酒店,豪华双人房,豪华客房(特惠大促销)(双人入住)[无早],953.14
深圳福田香格里拉大酒店,豪华城景客房,(连住3晚及以上)(无早)(大床),1135.47
深圳福田香格里拉大酒店,豪华客房,Twin/Double room - De Luxe(中宾),1230.46
深圳福田香格里拉大酒店,尊荣客房,(连住3晚及以上)(无早)(双床),1452.09
深圳富临大酒店,标准双人房,"特级房, 2 张单人床(含税费)(中宾)",452.01
深圳富临大酒店,标准大床房,"特级房, 1 张大床(含税费)(中宾)",452.01
深圳富临大酒店,豪华大床房,"豪华客房, 1 张大床(含税费)(中宾)",527.34
深圳海燕大酒店,新豪华双人房,豪华双人房[双早](会员特惠)(双床),329.72
深圳海燕大酒店,新豪华夫妻房,豪华大床房[双早](景+酒),333.0
深圳海燕大酒店,高级豪华大床房,(内宾),396.32
深圳恒丰海悦国际酒店,特惠房(无窗),特惠房（无窗）(大床)(内宾),551.36
深圳恒丰海悦国际酒店,标准大床房,标准大床(内宾),611.41
深圳恒丰海悦国际酒店,标准双床房,(双人入住)(非online)(双早),628.88
深圳鸿丰国际大酒店(南山),高级单人房,高级大床房(提前7天预订)(内宾),575.58
深圳鸿丰国际大酒店(南山),高级双人房,高级双床房(内宾),587.39
深圳鸿丰国际大酒店(南山),豪华单人房,豪华房 大床,597.21
深圳花园格兰云天大酒店,高级房,(含税费)(中宾),550.27
深圳花园格兰云天大酒店,花园景观客房,景观房 (双床）(含税费)(中宾),605.95
深圳花园格兰云天大酒店,豪华房,豪华客房(含税费)(中宾),733.69
深圳华安国际大酒店,高级双床房,高级客房（度假专享）(不含早),641.98
深圳华安国际大酒店,高级大床房,(不含早),641.98
深圳华安国际大酒店,豪华客房,豪华大床房（度假专享）(不含早),748.97
深圳华强广场酒店,高级客房,高级双床房(无早),675.82
深圳华强广场酒店,豪华大床房,(无早),741.33
深圳华强广场酒店,豪华双人房,豪华双床房(无早)(双床),782.82
深圳华侨城洲际大酒店,豪华房,"Deluxe Room, 1 King Bed(含税费)(中宾)",1164.95
深圳华侨城洲际大酒店,行政房,俱乐部客房(含税费)(中宾),1806.93
深圳华侨城洲际大酒店,优选套房,"尊贵套房, 1 张特大床(含税费)(中宾)",2626.87
深圳华侨酒店,高级双床房,(无早),217.27
深圳华侨酒店,高级单人间,高级大床房(无早),217.27
深圳华侨酒店,豪华双床房,豪华双人房(双床)(内宾),220.54
深圳皇轩酒店,豪华家庭房,(人气精选预付),634.9
深圳皇轩酒店,豪华大床房,,638.1
深圳皇轩酒店,高级双人房,高级双床房(内宾)(无早),671.46
深圳火车站大酒店,豪华大床房(西座),西座豪华大床房(内宾),293.69
深圳火车站大酒店,豪华双人房(西座),西座豪华双人房(双床)(内宾),310.07
深圳火车站大酒店,高级大床房,(内宾),387.59
深圳金碧酒店,商务客房,商务大床房(限时 特惠)[无早],349.38
深圳金碧酒店,行政房,行政大床房(人气精选预付价),415.15
深圳金碧酒店,标准客房,Twin Room - Room Only(含税费)(双床)(中宾),423.62
深圳京基晶都酒店(原深圳晶都酒店),豪华双床房,豪华双人房(双人入住)(无早)(双床),544.81
深圳京基晶都酒店(原深圳晶都酒店),豪华大床房,(双人入住)(无早),544.81
深圳京基晶都酒店(原深圳晶都酒店),标准大床房,(单早),546.99
深圳君悦酒店,君悦双人房,2 Twin Beds Room(含税费)(双床)(中宾),1287.23
深圳君悦酒店,君悦大床房,1 King Bed Room(含税费)(大床)(中宾),1287.23
深圳君悦酒店,景观大床房,(无早),1529.61
深圳卡瑞登酒店(北站店),豪华双床房,,314.78
深圳卡瑞登酒店(北站店),豪华大床房,,314.78
深圳卡瑞登酒店(北站店),商务大床房,,390.24
深圳凯宾斯基酒店,豪华房,-惊喜优惠,914.93
深圳凯宾斯基酒店,超级豪华房,(连住2晚及以上)(无早)(特惠大促销),1065.6
深圳凯宾斯基酒店,优选房,(提前3天预订)(夏季促销),1077.08
深圳凯美豪盛酒店,舒适单人间(无窗),舒适单人房(无窗)(人气精选预付价),257.0
深圳凯美豪盛酒店,商务单人房,(空气清新房携程专享),305.44
深圳凯美豪盛酒店,高级大床房,(空气清新房携程专享),325.21
深圳丽都酒店,标准大床房,(不含早),382.13
深圳丽都酒店,标准双床房,(不含早),382.13
深圳丽都酒店,行政大床房,(不含早),436.72
深圳丽景酒店,标准单人房,雅致房(大床)(内宾),410.52
深圳丽景酒店,高级单人房,逸景大床房(人气精选预付价),481.41
深圳丽景酒店,园景大床房,尚景大床房(内宾),532.8
深圳罗湖大酒店,高级大床房,(今夜甩卖)(限时 抢购),314.78
深圳罗湖大酒店,豪华双人房,豪华房 双床,423.62
深圳罗湖大酒店,豪华大床房,,429.07
深圳罗湖香格里拉大酒店,高级单人房,高级大床客房(内宾),753.31
深圳罗湖香格里拉大酒店,豪华单人房,豪华大床客房(内宾),794.46
深圳罗湖香格里拉大酒店,高级双人房,高级双床房(无早),1215.17
深圳明航大酒店(新机场T3航站楼店),高级大床房,[不含早预付 免费24小时接机],186.46
深圳明航大酒店(新机场T3航站楼店),高级双人房,[不含早预付 免费24小时接机](双床),186.46
深圳明航大酒店(新机场T3航站楼店),豪华单人房,豪华大床房[不含早预付 免费24小时接机],198.78
深圳摩登克斯酒店,时尚大床房,(内宾),985.9
深圳摩登克斯酒店,科幻大床房,(内宾),1043.76
深圳摩登克斯酒店,时尚双人房,时尚双床房(内宾),1061.23
深圳南方联合大酒店,高级大床房,[无早],445.45
深圳南方联合大酒店,高级双人房,高级双床房(无早)(双床),445.45
深圳南方联合大酒店,豪华大床房,(内宾),513.15
深圳彭年酒店,豪华双床房,(含税费)(中宾),692.2
深圳彭年酒店,豪华大床房,(含税费)(中宾),692.2
深圳彭年酒店,至尊房,至尊大床房(含税费)(中宾),795.92
深圳平安国际酒店,高级房,高级双床房(内宾),914.93
深圳平安国际酒店,豪华客房,豪华双床房(含单早),1086.34
深圳平安国际酒店,行政房,行政双床房(含双早),1195.52
深圳瑞吉酒店,豪华城景大床房,(中宾)(无早)(大床),1943.4
深圳瑞吉酒店,豪华悠景大床房,(中宾)(无早)(大床),2114.82
深圳瑞吉酒店,豪华城景双人房,豪华城景双床房(中宾)(无早)(双床),2171.59
深圳深航国际酒店,高级大床房,特级房(含税费)(中宾),699.84
深圳深航国际酒店,高级双人房,高级双床房(免费延迟退房到14点),705.58
深圳深航国际酒店,高级湾景房,(含税费)(中宾),771.9
深圳双溪威机场大酒店,豪华双人房,豪华双床房[双早],358.11
深圳双溪威机场大酒店,豪华大床房,[双早],358.11
深圳双溪威机场大酒店,商务双人房,-住宿1晚(双床),434.54
深圳太阳花酒店,高级单人房,高级大床房(无早),346.1
深圳太阳花酒店,影院高级大床房,(内宾),354.84
深圳太阳花酒店,高级双人房,高级双床房(无早),358.11
深圳五洲宾馆,标准双床房,标准间(内宾),802.47
深圳五洲宾馆,标准大床房,Standard Room標準房 大床,816.67
深圳五洲宾馆,高级景观大床房,(内宾),974.98
深圳新安酒店,高级单人房,"特级房, 1 张大床, 无窗(含税费)(中宾)",335.18
深圳新安酒店,特惠房(无窗),(e)(大床),337.45
深圳新安酒店,高级双人房,(双床)(内宾),410.52
深圳新大洲酒店,标准大床房,(无窗)(智慧清新房携程专享),470.21
深圳新大洲酒店,标准双人房,（无窗）(含双早),507.69
深圳新大洲酒店,豪华双人房,豪华双床房（部分无窗）(含双早),551.36
深圳新都酒店,高级双床房,(内宾),434.54
深圳新都酒店,高级大床房,(内宾),442.18
深圳新都酒店,豪华大床房,(内宾),457.46
深圳兴华宾馆,高级双床间,连住3晚及以上,223.31
深圳兴华宾馆,高级单人间,高级大床房连住3晚及以上,223.31
深圳兴华宾馆,豪华大床房,(限量特惠)(内宾),252.03
深圳雅枫国际酒店,标准双床房,（原高级双床房）(不含早),592.85
深圳雅枫国际酒店,标准大床房,（原高级大床房）(不含早),592.85
深圳雅枫国际酒店,经典大床房,(不含早),636.52
深圳阳光酒店,标准双人房(无窗),标准房(无窗)(无早),655.08
深圳阳光酒店,标准大床房(无窗),标准房(无窗)(无早)(大床),695.48
深圳阳光酒店,豪华客房,豪华双床房(无早)(双床),698.75
深圳艺嘉国际大酒店,高级房,高级客房(8间起订)(无早),382.13
深圳艺嘉国际大酒店,豪华房,豪华客房(升级特惠)(无早)(大床),412.7
深圳艺嘉国际大酒店,豪华套房,(双人入住)[无早](今日特惠)(大床),534.98
深圳益田威斯汀酒店,豪华双床房,(不含早),1085.25
深圳益田威斯汀酒店,豪华大床房,(不含早),1085.25
深圳益田威斯汀酒店,尊尚豪华大床房,(提前7天预订)(悠悠旅行),1186.56
深圳中海凯骊酒店,高级大床房,(含税费)(中宾),702.03
深圳中海凯骊酒店,高级客房,高级双床房(含税费)(中宾),702.03
深圳中海凯骊酒店,豪华客房,(含税费)(中宾),790.46
深圳中海凯骊酒店(原中海圣廷苑酒店),高级大床房,(含税费)(中宾),702.03
深圳中海凯骊酒店(原中海圣廷苑酒店),高级客房,高级双床房(含税费)(中宾),702.03
深圳中海凯骊酒店(原中海圣廷苑酒店),豪华客房,(含税费)(中宾),790.46
深圳中航城格兰云天大酒店,高级双人房,高级房(中宾)(无早)(双床),641.98
深圳中航城格兰云天大酒店,高级大床房,高级房(中宾)(无早)(大床),641.98
深圳中航城格兰云天大酒店,豪华双人房,豪华客房(不含早),671.46
深圳中油阳光大酒店,高级客房,(大床)(内宾),571.01
深圳中油阳光大酒店,豪华双人房,豪华双床房（全新装修）(内宾),587.39
深圳中油阳光大酒店,豪华大床房,（全新装修）(内宾),587.39
沈阳碧桂园玛丽蒂姆酒店,标准双人间,标准双床房,388.51
沈阳碧桂园玛丽蒂姆酒店,经典房,Classic Room(含税费)(中宾),388.68
沈阳碧桂园玛丽蒂姆酒店,高级间,Superior Room(含税费)(中宾),485.85
沈阳国际皇冠假日酒店,皇冠高级房,(提前1天预订)[无早],840.69
沈阳国际皇冠假日酒店,皇冠豪华房,(提前1天预订)[无早](大床),906.19
沈阳国际皇冠假日酒店,皇冠行政房,[无早],1264.3
沈阳海韵锦江国际酒店,高级双床间,高级双床房(内宾),472.75
沈阳海韵锦江国际酒店,高级大床房,(内宾),506.6
沈阳海韵锦江国际酒店,豪华双床房,(内宾),508.78
沈阳皇朝万鑫酒店,特惠双床房,,545.69
沈阳皇朝万鑫酒店,特惠大床房,,545.69
沈阳皇朝万鑫酒店,豪华大床房,(含单早),580.84
沈阳金都饭店,经济单人间(无窗),经济单人间(特惠)(大床),235.99
沈阳金都饭店,单人间,大床房(特惠),266.46
沈阳金都饭店,标准间,双标房(特惠)(双床),266.46
沈阳金科大厦,特惠间,特惠房(无窗)(双床)(内宾),196.52
沈阳金科大厦,高级间,(双床)(内宾),216.18
沈阳金科大厦,豪华标准间,豪华标间(双床)(内宾),236.92
沈阳君悦酒店,君悦双人客房,Grand Twin Room(含税费)(中宾),1203.16
沈阳君悦酒店,君悦大床客房,"Grand Room, 1 King Bed(含税费)(中宾)",1203.16
沈阳君悦酒店,君悦豪华客房,"Grand, Deluxe Room, 1 King Bed(含税费)(中宾)",1421.52
沈阳凯宾斯基饭店,高级客房,高级大床间(自营产品),568.85
沈阳凯宾斯基饭店,豪华房,豪华大床间,608.77
沈阳凯宾斯基饭店,商务豪华间,DOUBLE-BUSINESS(含税费)(大床)(中宾),855.97
沈阳凯莱酒店,高级大床房,高级房(大床)(周末特惠)[无早],220.54
沈阳凯莱酒店,高级双床房,高级房(周末促销),222.45
沈阳凯莱酒店,豪华双床房,豪华房(双床)[无早],311.16
沈阳龙之梦大酒店,豪华大床房,(今夜甩卖),467.06
沈阳龙之梦大酒店,豪华双人房,豪华双床房(今夜甩卖),467.06
沈阳龙之梦大酒店,高级大床房,(高考特惠),506.98
沈阳龙之梦瑞峰国际酒店,高级大床房,,335.08
沈阳龙之梦瑞峰国际酒店,高级双床房,(<世界杯专享>),382.13
沈阳龙之梦瑞峰国际酒店,豪华大床房,,384.5
沈阳珀丽酒店(原沈阳时代广场酒店),高级大床房,(连住3晚及以上)(无早),248.93
沈阳珀丽酒店(原沈阳时代广场酒店),高级双人房,高级双床房(连住3晚及以上)(无早),248.93
沈阳珀丽酒店(原沈阳时代广场酒店),豪华双人房,豪华双床房(连住3晚及以上)(无早),265.31
沈阳荣富饭店,高级标准间,高级双人间(双床)(内宾),296.97
沈阳荣富饭店,高级大床间,高级单人间(大床)(内宾),296.97
沈阳荣富饭店,豪华双人房,豪华双人间(双床)(内宾),319.9
沈阳天丰国际酒店,高级双床房,,371.68
沈阳天丰国际酒店,高级大床房,,393.41
沈阳天丰国际酒店,豪华大床房,豪华大床间,437.95
沈阳万达文华酒店,豪华大床房,,789.5
沈阳万达文华酒店,豪华双床房,,789.5
沈阳万达文华酒店,高级豪华房,高级豪华客房(大床),837.32
沈阳香格里拉大酒店,豪华房,豪华客房(内宾),1143.11
沈阳香格里拉大酒店,豪华园景房,豪华园景客房(内宾),1253.39
沈阳香格里拉大酒店,豪华阁豪华房,豪华阁豪华客房([单人入住]),1523.06
沈阳中山皇冠假日酒店,皇冠高级间,-限时优惠,532.8
沈阳中山皇冠假日酒店,皇冠豪华间,-限时优惠,641.98
沈阳中山皇冠假日酒店,皇冠高级套间,皇冠高级套房(大床),1192.25
首旅集团北京崇文门饭店,普通大床房,普通大床间,586.38
首旅集团北京崇文门饭店,普通双人间,普通标准间(双床),586.38
首旅集团北京崇文门饭店,商务双人间,商务标准间(双床)(内宾),694.38
首旅集团北京东方饭店,标准房,标准间,491.84
首旅集团北京东方饭店,名人居房,"Celebrity Room , Garden View(含税费)(中宾)",709.67
首旅集团北京东方饭店,商务套房,Business Suite(含税费)(中宾),807.93
首旅集团北京贵宾楼饭店,豪华房,豪华间[无早](大床),922.57
首旅集团北京贵宾楼饭店,超豪华房,-独家不含早,1310.16
首旅集团北京贵宾楼饭店,故宫景双床间,(限时 特惠)[无早],1473.93
首旅集团北京国际饭店,标准楼层标准客房,标准双床间(内宾),731.51
首旅集团北京国际饭店,商务楼层标准客房,商务大床间(内宾),802.47
首旅集团北京国际饭店,行政楼层标准客房,行政大床间(内宾),917.11
首旅集团北京好苑建国酒店,商务双人间,商务间(内宾),699.84
首旅集团北京好苑建国酒店,商务大床间,,753.34
首旅集团北京好苑建国酒店,豪华双人房,豪华标间(内宾),906.19
首旅集团北京金龙建国温泉酒店,豪华大床间,豪华大床客房(内宾),562.25
首旅集团北京金龙建国温泉酒店,高级商务双人房,TWIN BUSINESS SUPERIOR(双床)(内宾),587.88
首旅集团北京金龙建国温泉酒店,商务双人间,商务双床间(双床)(双人入住)(非online)(单早),622.33
首旅集团北京民族饭店,商务双床间,商务标间（双床）(内宾),628.88
首旅集团北京民族饭店,商务大床间,商务标间（大床）(内宾),743.52
首旅集团北京民族饭店,行政间,(大床),964.74
首旅集团北京前门建国饭店,标准客房,-惊喜优惠,598.31
首旅集团北京前门建国饭店,行政间,-特惠促销,783.91
首旅集团北京前门建国饭店,花园间,-特惠促销,827.58
首旅集团北京西苑饭店,附楼标准双床房,附楼标准客房(双床)(内宾),513.15
首旅集团北京西苑饭店,附楼商务大床房,附楼商务客房(未评星级)(内宾)(大床),569.22
首旅集团北京西苑饭店,主楼标准大床房,主楼标准大床客房(内宾),676.92
四川岷山饭店(成都),豪华标准间,豪华双床房(空气清新房携程专享)(夏季特惠，限4楼),596.79
四川岷山饭店(成都),豪华大床间,豪华大床房(空气清新房携程专享)(夏季特惠，限4楼),636.71
四川岷山饭店(成都),豪华城景大床房,-特惠大促销,704.21
速8酒店(杭州萧山国际机场店),特惠房,秒杀精选房(双床)(内宾),149.58
速8酒店(杭州萧山国际机场店),标准双床房,(内宾),185.61
速8酒店(杭州萧山国际机场店),标准大床房,(内宾),185.61
速8酒店北京石景山古城店（内宾）,特惠大床房,(无窗)((内宾)),191.06
速8酒店北京石景山古城店（内宾）,经济大床房,-限内宾,212.9
速8酒店北京石景山古城店（内宾）,标准大床房,-限内宾,240.2
索菲亚(青岛)国际大酒店,高级双人房,高级房(预付★优惠),722.14
索菲亚(青岛)国际大酒店,豪华双人房,豪华房(预付★优惠),777.54
索菲亚(青岛)国际大酒店,行政套房,(预付★优惠)(大床),1221.62
太原并州饭店,标准双人房,标准双床房(内宾),478.21
太原并州饭店,标准大床房,(内宾),491.31
太原并州饭店,商务大床房,(内宾),537.17
太原富力铂尔曼大酒店,高级房,Superior Room 1 King Size Bed(含税费)(大床)(中宾),467.29
太原富力铂尔曼大酒店,豪华客房,Deluxe Room with 1 king size bed(含税费)(大床)(中宾),548.08
太原富力铂尔曼大酒店,行政房,Deluxe Executive Room with Lounge Access and 2 Single Size Beds on High Floor(含税费)(双床)(中宾),864.71
太原花园国际大酒店,高级大床房,高级房(大床),425.53
太原花园国际大酒店,高级双人房,高级房(双床),425.53
太原花园国际大酒店,行政豪华客房,(大床),618.74
太原凯宾斯基饭店,豪华房,(提前七天预订（无早）),1163.86
太原凯宾斯基饭店,高级豪华大床房,(提前七天预订（无早）),1271.95
太原凯宾斯基饭店,高级豪华房,(提前七天预订（无早）),1271.95
太原三晋商务酒店,特惠大床房(无窗),(乐享旅程),306.98
太原三晋商务酒店,特惠房,特惠标准间(双床),316.62
太原三晋商务酒店,商务标准房,商务标准间(双床),328.59
太原万达文华酒店,豪华双人房,豪华房[无早],724.96
太原万达文华酒店,豪华大床房,豪华房(大床)[无早],724.96
太原万达文华酒店,高级豪华双人房,高级豪华房[无早],839.59
太原星河湾酒店,标准园景间,标准园景双床房(智慧清新房携程专享),685.67
太原星河湾酒店,标准池景间,标准池景大床房(内宾),772.99
太原星河湾酒店,豪华园景间,豪华园景双床房(内宾),818.85
天津宝丽金大酒店(刘老根大舞台),标准大床间,(空气清新房携程专享),315.74
天津宝丽金大酒店(刘老根大舞台),标准双床间,(内宾),330.72
天津滨海喜来登酒店,豪华客房,Deluxe Room(含税费)(中宾),1059.05
天津滨海喜来登酒店,享悦豪华客房,Deluxe Studio(含税费)(中宾),1239.19
天津滨海喜来登酒店,精致套房,(大床)(特惠大促销)(双人入住)[无早],1258.85
天津格兰云天大酒店,商务大床间,,999999.0
天津格兰云天大酒店,商务双床房,,999999.0
天津汇豪商务酒店,商务标准房,商务标准间(火热促销)(双床),340.46
天津汇豪商务酒店,高级大床房,高级大床间[无早],389.77
天津汇豪商务酒店,三人间,[无早],390.86
天津锦龙国际酒店,商务双床房,商务双床(红火促销),409.27
天津锦龙国际酒店,商务大床房,商务大床(红火促销),463.6
天津锦龙国际酒店,行政大床房,行政大床,471.66
天津晋滨国际大酒店,标准房,标准间(火热促销),345.44
天津晋滨国际大酒店,商务房,商务大床间(内宾),393.05
天津晋滨国际大酒店,豪华房,豪华大床间(内宾),493.49
天津凯德大酒店,普通单人间,(高窗)(内宾)(大床),332.31
天津凯德大酒店,普通标准间,(内宾)[含早](度假)(双床),338.46
天津凯德大酒店,特惠双床间,((内宾)[双早]),379.95
天津日航酒店,高级客房,高级房(含税费)(中宾),477.12
天津日航酒店,精选客房,"Premium Room, 1 King Bed(含税费)(中宾)",640.89
天津日航酒店,行政大床客房,行政客房(大床),918.79
天津瑞吉金融街酒店,高级城景客房,(大床),1124.71
天津瑞吉金融街酒店,豪华河景客房,豪华河景房(夏季促销),1167.63
天津瑞吉金融街酒店,豪华客房,-限时特惠,1449.91
天津瑞湾开元大酒店,高级大床房,Superior Double Room(含税费)(中宾),506.6
天津瑞湾开元大酒店,高级双床房,,548.08
天津瑞湾开元大酒店,豪华海景大床房,"Deluxe Double Room, River View(含税费)(中宾)",568.83
天津赛象酒店,豪华双人间,豪华双床间,644.84
天津赛象酒店,豪华大床间,,644.84
天津赛象酒店,行政大床间,(火热促销),848.3
天津胜利宾馆,快捷特惠房,(双床)(内宾),112.46
天津胜利宾馆,快捷标准间,(双床)(内宾),143.03
天津胜利宾馆,快捷大床房,(内宾),163.77
天津舒泊花园大酒店,商务双床间,商务双床房,324.24
天津舒泊花园大酒店,商务大床房,,341.01
天津舒泊花园大酒店,豪华标准间,(提前4天预订)[双早],447.64
天津泰达中心酒店,豪华大床间,,443.27
天津泰达中心酒店,标准间,(双床),460.74
天津泰达中心酒店,豪华标准间,(双床),477.12
天津万丽泰达酒店,高尔夫景观客房,"Room, Golf View(内宾)",970.61
天津万丽泰达酒店,豪华房,-限时促销,1111.45
天津万丽泰达酒店,行政豪华房,"Club Room, Business Lounge Access(含税费)(中宾)",1257.75
天津喜来登大酒店,奢华房,-限时特惠,1528.52
天津喜来登大酒店,豪华间,-限时特惠,1528.52
天津喜来登大酒店,豪华商务间,-限时特惠,1746.88
天津香格里拉大酒店,豪华河景大床房,(大床)[无早],1088.52
天津香格里拉大酒店,豪华河景双床房,(无早)(今日特惠),1654.08
天津香格里拉大酒店,豪华全景大床房,豪华全景房大床(无早)(今日特惠),1820.03
天津新桃园酒店,特惠房,特惠双床房,469.05
天津新桃园酒店,高级房,-大床，双早(内宾),633.24
天津新桃园酒店,行政高级房,行政高级大床房,790.5
天津远洋宾馆,迷你单人间,迷你单人小床间,262.67
天津远洋宾馆,普通标准房,普通标准间([无早]),378.85
天津远洋宾馆,豪华标准房,豪华标准间([无早]),402.87
万丽天津宾馆,豪华房,(内宾)(今日特惠)(双早),970.61
万丽天津宾馆,豪华湖景房,-特惠,1144.21
万丽天津宾馆,高级湖景房,-特惠,1155.12
维也纳国际酒店(广州火车站店)(原三元里店),标准单人房,(内宾)(维也纳旗舰店),265.91
维也纳国际酒店(广州火车站店)(原三元里店),豪华双人房,(内宾)(维也纳旗舰店)(双床),336.07
维也纳国际酒店(广州火车站店)(原三元里店),豪华大床房,豪华单人房(内宾)(维也纳旗舰店),336.07
维也纳国际酒店(沈阳火车站店),标准双人房,(双床)(内宾),295.88
维也纳国际酒店(沈阳火车站店),标准单人房,(大床)(内宾),304.61
维也纳国际酒店(沈阳火车站店),豪华大床房,(内宾),323.17
维也纳国际酒店(武汉解放大道店),标准单人房,(内宾)(维也纳旗舰店)(大床),295.55
维也纳国际酒店(武汉解放大道店),高级双人房,高级双拼房(内宾)(维也纳旗舰店)(双床),295.55
维也纳国际酒店(武汉解放大道店),高级单人房,(大床)(双人入住)(非online)(双早),343.92
维也纳国际酒店(西安大雁塔店),标准单人房,标准单人间(无窗)(大床),375.0
维也纳国际酒店(西安大雁塔店),高级双床房,(西成高铁大促),391.45
维也纳国际酒店(西安大雁塔店),豪华双人房,豪华双床房(内宾)(维也纳旗舰店),408.28
维也纳酒店(北京首体店),高级大床房,高级单人房(大床),714.2
维也纳酒店(北京首体店),高级双人房,(双床),735.78
维也纳酒店(北京首体店),商务大床房,商务特大床房(魅力狂欢),766.97
维也纳酒店(深圳宝安国际机场店),豪华单人房,豪华大床房-限内宾,283.87
维也纳酒店(深圳宝安国际机场店),标准房,标准双床房-限内宾,283.87
维也纳酒店(深圳宝安国际机场店),标准单人间,标准大床房-限内宾,283.87
维也纳酒店(深圳北站店),高级单人房,(内宾)(维也纳旗舰店)(大床),522.32
维也纳酒店(深圳北站店),豪华双人房,(内宾)(维也纳旗舰店)(双床),541.7
维也纳酒店(深圳北站店),豪华单人房,(内宾)(维也纳旗舰店)(大床),549.12
维也纳酒店(深圳火车站店),标准单人房,(无窗)(内宾)(维也纳旗舰店)(大床),294.31
维也纳酒店(深圳火车站店),豪华双人房,豪华双床房(清爽一夏),340.65
维也纳酒店(深圳火车站店),豪华大床房,豪华单人房(清爽一夏)(大床),340.65
维也纳酒店(西安高铁北站店),标准双床房(无窗),标准双床房（无窗）(今日特惠),214.44
维也纳酒店(西安高铁北站店),标准大床房(无窗),标准大床房（无窗）(今日特惠),214.44
维也纳酒店(西安高铁北站店),高级双人房,(双床)(内宾),269.67
维也纳酒店(郑州机场店),标准大床房,标准单人房(无窗)(内宾)(维也纳旗舰店)(大床),215.49
维也纳酒店(郑州机场店),豪华大床房,(内宾),318.81
维也纳酒店(郑州机场店),家庭房,(内宾)(维也纳旗舰店),332.31
武汉保利大酒店,副楼标准间,附楼标准间(双床),297.4
武汉保利大酒店,副楼单人间,附楼单人间(大床),297.4
武汉保利大酒店,商务标准间,商务双床房(今夜甩卖),347.32
武汉东方建国大酒店,高级大床房,,375.26
武汉东方建国大酒店,高级双人房,高级双床房,375.26
武汉东方建国大酒店,行政商务双床房,,442.17
武汉富力威斯汀酒店,豪华客房,Deluxe Room(含税费)(中宾),798.11
武汉富力威斯汀酒店,行政江景房,"Executive Room, River View (Deluxe)(含税费)(中宾)",1255.57
武汉富力威斯汀酒店,精选豪华房,-无早今日特惠,1560.18
武汉光明万丽酒店,豪华房,-限时促销,685.65
武汉光明万丽酒店,行政套房,"Executive Suite, 1 Bedroom, City View(含税费)(中宾)",1031.75
武汉光明万丽酒店,行政房,Club Room(含税费)(中宾),1031.75
武汉洪广大酒店,高级大床间,-高级大床房（不含早）,381.04
武汉洪广大酒店,高级双人间,-高级双床房（不含早）,381.04
武汉洪广大酒店,豪华客房,-豪华大床房（不含早）,459.65
武汉华美达光谷大酒店,豪华大床房,,807.41
武汉华美达光谷大酒店,豪华双人房,豪华双床房,807.41
武汉华美达光谷大酒店,豪华套房,DELUXE SUITE (OFF LINE)(内宾),1052.81
武汉华天大酒店,豪华大床房,,379.95
武汉华天大酒店,豪华双人房,(双床),379.95
武汉华天大酒店,行政大床房,行政单人间(大床),401.78
武汉汇豪大酒店,高级大床房,(含单早),510.96
武汉汇豪大酒店,豪华大床房,,517.47
武汉汇豪大酒店,高级商务大床房,(含单早),543.72
武汉金盾大酒店,高级双人间,高级标准间(限时 特惠)[无早](双床),283.87
武汉金盾大酒店,商务单人间,商务大床房[无早],300.25
武汉金盾大酒店,商务标准间,(双床)(内宾),340.64
武汉锦江国际大酒店,豪华大床房,豪华景观大床房,553.85
武汉锦江国际大酒店,豪华双床房,豪华景观双床房,553.85
武汉锦江国际大酒店,行政景观双床间,行政景观双床房,729.03
武汉九州通衢大酒店,普通双人房,普通双人间(双床),332.25
武汉九州通衢大酒店,高级双人间,(夏日促销)(双床),372.0
武汉九州通衢大酒店,高级单人间,(夏日促销)(大床),395.42
武汉君宜王朝大饭店,豪华双人间,豪华房 双床,388.68
武汉君宜王朝大饭店,豪华大床间,豪华房 大床,388.68
武汉君宜王朝大饭店,行政大床间,,462.92
武汉蓝天宾馆,高级单人间,(大床),224.3
武汉蓝天宾馆,高级双人间,(双床),224.3
武汉蓝天宾馆,豪华大床房,(不含早（预付）)(内宾),335.18
武汉美联假日酒店(原武汉天安假日酒店),假日高级房,Superior Room(含税费)(中宾),521.88
武汉美联假日酒店(原武汉天安假日酒店),假日豪华房,Deluxe Room(含税费)(中宾),613.59
武汉美联假日酒店(原武汉天安假日酒店),假日豪华江景房,"Deluxe Room, 1 King Bed, River View(含税费)(中宾)",613.59
武汉纽宾凯鲁广国际酒店,天使音乐主题房(无窗),(大床),403.5
武汉纽宾凯鲁广国际酒店,高级双床房,,414.48
武汉纽宾凯鲁广国际酒店,高级大床房,(内宾),437.81
武汉纽宾凯新时代国际酒店,高级间,高级双床房(不含早),367.94
武汉纽宾凯新时代国际酒店,商务双人间,商务双床间(不含早),423.62
武汉纽宾凯新时代国际酒店,商务大床间,(不含早),423.62
武汉纽宾凯新宜国际酒店,豪华单人间,,119.1
武汉纽宾凯新宜国际酒店,豪华标准房,豪华双人间(预付价格)(双床),119.1
武汉纽宾凯新宜国际酒店,高级大床房(无窗),高级大床房（无窗）-限内宾,176.87
武汉欧亚会展国际酒店,湖景豪华双人房,湖景豪华双床房(双床)(双人入住)(非online)(无早),676.92
武汉欧亚会展国际酒店,湖景豪华大床房,(大床)(双人入住)(非online)(无早),676.92
武汉欧亚会展国际酒店,街景豪华大床房,(特惠大促销)[无早],679.26
武汉欧亚会展国际酒店(园博园旁),湖景豪华双人房,湖景豪华双床房(双床)(双人入住)(非online)(无早),676.92
武汉欧亚会展国际酒店(园博园旁),湖景豪华大床房,(大床)(双人入住)(非online)(无早),676.92
武汉欧亚会展国际酒店(园博园旁),街景豪华大床房,(特惠大促销)[无早],679.26
武汉晴川假日酒店,假日高级房,Superior Room(含税费)(中宾),521.88
武汉晴川假日酒店,假日豪华房,Deluxe Room(含税费)(中宾),613.59
武汉晴川假日酒店,假日豪华江景房,"Deluxe Room, 1 King Bed, River View(含税费)(中宾)",613.59
武汉瑞安海龙酒店(汉口火车站店),豪华标准间,豪华标间(双床)(内宾),172.5
武汉瑞安海龙酒店(汉口火车站店),豪华单间,(大床)(内宾),172.5
武汉瑞安海龙酒店(汉口火车站店),行政单间,(大床)(内宾),210.72
武汉森泰中洋酒店,综合楼标准房,综合楼标准双床房,240.25
武汉森泰中洋酒店,综合楼标准大床房,(限时抢订),253.23
武汉森泰中洋酒店,综合楼商务大床房,综合楼商务房(限时抢订)(大床),274.97
武汉帅府饭店,商务标准房B,商务标间（B）(双床)(内宾),275.13
武汉帅府饭店,商务单人房,商务大床房(内宾),275.13
武汉帅府饭店,商务标准房A,商务标间（A）(双床)(内宾),316.62
武汉天际丽豪大酒店(原天际万豪酒店),高级双人房,-VIP直通车.(双床),376.67
武汉天际丽豪大酒店(原天际万豪酒店),高级大床房,-VIP直通车,377.76
武汉天际丽豪大酒店(原天际万豪酒店),豪华大床房,-VIP直通车,413.79
武汉天禄华美达广场酒店,豪华双人房,豪华双床房,595.03
武汉天禄华美达广场酒店,豪华大床房,,595.03
武汉天禄华美达广场酒店,小套房,(大床),600.49
武汉万达嘉华酒店,豪华房,(不含早),828.68
武汉万达嘉华酒店,高级豪华房,(不含早),942.22
武汉万达嘉华酒店,行政楼层客房,行政房(含单早),1130.01
武汉万达瑞华酒店,豪华客房,豪华双床房(不含早),1225.0
武汉万达瑞华酒店,高级豪华房,高级豪华客房(不含早),1398.6
武汉万达瑞华酒店,高级豪华东湖景观房,高级豪华湖景客房(不含早),1591.84
武汉香格里拉大酒店,豪华房,"Deluxe Room, 1 King Bed(含税费)(中宾)",592.85
武汉香格里拉大酒店,豪华阁客房,"Horizon Club, Room, 1 King Bed(含税费)(中宾)",851.6
武汉香格里拉大酒店,行政套房,"Executive Suite, 1 King Bed(含税费)(中宾)",1337.46
武汉新华诺富特大饭店,标准大床房,"Standard Room, 1 King Bed(含税费)(中宾)",414.88
武汉新华诺富特大饭店,标准房,"Standard Room, 2 Twin Beds(含税费)(中宾)",414.88
武汉新华诺富特大饭店,高级大床房,"Superior Room, 1 King Bed(含税费)(中宾)",452.01
武汉友谊国际酒店,豪华大床房,(内宾),687.83
武汉友谊国际酒店,豪华双人房,(2间起订)(无早)(双床),707.49
武汉友谊国际酒店,行政大床房,(大床)(非online)(无早),982.62
西安东方大酒店,标准间,(双床)(内宾),194.34
西安东方大酒店,豪华标准间,(双床)(内宾),226.0
西安世纪山水酒店,豪华大床间,特惠豪华大床房-限内宾,304.61
西安世纪山水酒店,豪华双人间,特惠豪华双床房-限内宾,304.61
西安世纪山水酒店,豪华商务间,(秒杀)(双床),363.75
西安天阅酒店-原王子国际酒店,时尚街景房,Fashion Room(含税费)(中宾),234.74
西安天阅酒店-原王子国际酒店,标准客房,"Standard Room, 1 King Bed(含税费)(中宾)",307.89
西安天阅酒店-原王子国际酒店,商务双人房,Business Room(含税费)(中宾),325.36
西安威斯汀大酒店,豪华客房,威斯汀豪华双床房(特惠大促销)(双人入住)[无早],829.77
西安威斯汀大酒店,豪华套房,(特惠大促销)(双人入住)[无早](大床),1533.98
西安威斯汀大酒店,行政套房,(特惠大促销)(双人入住)[无早](大床),1650.8
厦门宝龙铂尔曼大酒店,高级园景双人房,高级园景房(连住3晚及以上)(提前15天预订),619.63
厦门宝龙铂尔曼大酒店,湖景高级双人房,高级湖景房(连住3晚及以上)(提前15天预订),708.58
厦门宝龙铂尔曼大酒店,豪华园景双人房,豪华园景房(连住3晚及以上)(提前15天预订),735.56
厦门宾馆,5号楼b区舒适房,5号楼B区舒适房( 享携程拼车接机 ),384.43
厦门宾馆,8号楼高级双人房,8号楼高级房( 享携程拼车接机 )(限量抢购)(双床),424.06
厦门宾馆,5号楼A区行政双人房,5号楼A区行政房( 享携程拼车接机 ),443.89
厦门帝元维多利亚大酒店,雅致海景房,雅致海景双床房(提前1天预订),748.49
厦门帝元维多利亚大酒店,至尊海景房,至尊海景大床房,1207.55
厦门帝元维多利亚大酒店,帝元海景双床间,海景双床房,1244.65
厦门国际会议中心酒店,园景房,(免费接送机服务)(大床),597.79
厦门国际会议中心酒店,怡景双人房,怡景客房(限时抢订)(双床),697.59
厦门国际会议中心酒店,怡景大床房,怡景客房(限时抢订)(大床),697.59
厦门国际会展酒店,标准客房,标准双床房(提前7天预订),534.93
厦门国际会展酒店,海景客房,海景房(提前14天预订),720.56
厦门国际会展酒店,豪华海景行政房,豪华海景行政大床房(连住3晚及以上),802.44
厦门海景千禧大酒店,高级房,(不含早),709.67
厦门海景千禧大酒店,商务标准房,Business Room(含税费)(中宾),744.61
厦门海景千禧大酒店,商务大床房,(不含早),758.8
厦门合佳酒店(机场店),精致单人房,[无早],191.06
厦门合佳酒店(机场店),雅致大床房,(内宾),245.45
厦门合佳酒店(机场店),臻选商务大床房,[无早],265.31
厦门马哥孛罗东方大酒店,豪华房,豪华城景客房(提前21天预订),693.58
厦门马哥孛罗东方大酒店,豪华湖景客房,(提前21天预订),772.55
厦门马哥孛罗东方大酒店,豪华城景大床房,豪华城景客房[单早](大床),895.28
厦门牡丹万鹏宾馆,商务大床房,,581.93
厦门日航酒店,高级双人房,高级房(提前14天预订),672.98
厦门日航酒店,豪华双人房,豪华房(特惠大促销)(双人入住)[无早],700.94
厦门日航酒店,豪华大床房,豪华房(大床)(白金以上会员特惠)(特惠大促销)(双人入住)(无早),700.94
厦门瑞颐大酒店,豪华海景房,-限时特惠,925.85
厦门瑞颐大酒店,豪华套房,(内宾),983.08
厦门瑞颐大酒店,豪华客房,豪华大床房,1010.32
厦门喜来登酒店,豪华房,Deluxe Room(含税费)(中宾),818.85
厦门喜来登酒店,高级豪华客房,Superior Room(含税费)(中宾),890.91
厦门喜来登酒店,行政客房,(限时抢购),1054.85
厦门翔鹭国际大酒店,标准房(无窗),(大床),311.38
厦门翔鹭国际大酒店,高级双人房,高级房(双床),444.36
厦门翔鹭国际大酒店,豪华双人房,豪华双床房,539.35
厦门新中林大酒店,高级商务大床房,,365.75
厦门新中林大酒店,商务标准房,商务标准间(双床),365.75
厦门新中林大酒店,商务大床房,(内宾),409.43
厦门源昌凯宾斯基大酒店,豪华大床房,-限时特惠,925.85
厦门源昌凯宾斯基大酒店,豪华双人房,豪华房(内宾),931.31
厦门源昌凯宾斯基大酒店,尊贵豪华房,Grand Deluxe(含税费)(中宾),997.91
厦门悦华酒店,天丰楼高级房,天丰楼高级双床房,514.24
厦门悦华酒店,天丰楼主题亲子房,(双床),591.76
厦门悦华酒店,海宇楼园景豪华房,海宇楼园景豪华大床房,591.76
厦门中山路海景和颐酒店,和颐惠选标准间(无窗),和颐惠选标准房(无窗)(内宾)(暑期特惠)(双床),359.8
厦门中山路海景和颐酒店,和颐商务大床间,和颐商务房(内宾)(暑期特惠)(大床),384.88
厦门中山路海景和颐酒店,和颐惠选大床房(无窗),,385.84
新郑机场郑港宾馆,双人间,(双床)(内宾),102.63
新郑机场郑港宾馆,单人间,(大床)(内宾),132.11
新郑机场郑港宾馆,三人间,三床房(内宾),194.34
玉渊潭集团北京瑞成大酒店,标准间,（双床房）(内宾),491.31
玉渊潭集团北京瑞成大酒店,标准大床间,标准间（大床房）(内宾),525.16
玉渊潭集团北京瑞成大酒店,商务大床间,商务间（大床房）(内宾),637.61
玉渊潭集团北京天天假日饭店,豪华标准间,A型豪华标间(内宾),504.41
玉渊潭集团北京永兴花园饭店,A栋标准间,标准间(今夜甩卖)(双床),473.49
玉渊潭集团北京永兴花园饭店,豪华标准大床房,豪华标准间（大床）(内宾),720.59
玉渊潭集团北京永兴花园饭店,套间,（大床）(内宾),800.29
玉渊潭集团北京裕龙大酒店,商务大床间,(预付价格),491.84
玉渊潭集团北京裕龙大酒店,标准大床房,标准大床间(内宾),628.88
玉渊潭集团北京裕龙国际酒店,标准双床房,标准双床间(空气清新房携程专享),549.71
玉渊潭集团北京裕龙国际酒店,标准大床房,标准大床间,636.41
玉渊潭集团北京裕龙国际酒店,行政大床房,行政大床间,685.99
玉渊潭集团北京中裕世纪大酒店,经济房(无窗),经济大床房(无窗),395.0
玉渊潭集团北京中裕世纪大酒店,标准客房,标准双床间(内宾),457.46
玉渊潭集团北京中裕世纪大酒店,豪华房,-双床无早A,496.77
云南滇池温泉花园国际大酒店(昆明),公寓房,(双床)(内宾),422.53
云南滇池温泉花园国际大酒店(昆明),花园景观标准房,花园景观标间(双床)(内宾),445.45
云南滇池温泉花园国际大酒店(昆明),公寓一室一厅房,公寓一室一厅(双床),501.38
云南世博花园酒店(昆明),商务标间,[双早](双床),524.06
云南世博花园酒店(昆明),商务单间,[双早](大床),524.06
云南世博花园酒店(昆明),商务套房,(大床),1219.54
浙江宾馆,小单间,,527.98
浙江宾馆,特惠房,[双早],652.9
浙江宾馆,高级双人房,高级房,687.96
浙江世贸君澜大饭店,标准客房,标准房(双床),781.82
浙江世贸君澜大饭店,山景标准房,山景标准大床房,811.71
浙江世贸君澜大饭店,高级房,高级大床房,855.36
浙江西子宾馆·汪庄,庭院双床间,庭院双床房(提前3天预订),978.02
浙江西子宾馆·汪庄,庭院大床房,,1247.47
浙江西子宾馆·汪庄,温馨大床房,(提前3天预订),1377.22
郑州红珊瑚酒店,温馨特惠间,温馨特惠房(双床)(内宾),201.98
郑州红珊瑚酒店,舒适双人间,舒适标准房 双床,216.18
郑州红珊瑚酒店,商旅标准间,(内宾)(商旅高返现)(双床),267.07
郑州绿地JW万豪酒店,豪华客房,-限时优惠,1231.55
郑州绿地JW万豪酒店,行政客房,"Executive Room, View, Executive Level (Skyline view)(内宾)",1384.4
郑州绿地JW万豪酒店,湖景房,-限时优惠,1406.24
郑州索菲特国际饭店,高级大床房,"Superior Room, 1 King Bed(含税费)(中宾)",625.6
郑州索菲特国际饭店,高级双床房,高级客房(内宾),647.58
郑州索菲特国际饭店,豪华大床房,豪华大床客房(内宾),1064.79
郑州希尔顿酒店,豪华套房,1 Bedroom Suite with King Bed (Non-Smoking)(含税费)(大床)(中宾),2559.18
郑州希尔顿酒店,豪华客房,,999999.0
郑州希尔顿酒店,高级豪华客房,,999999.0
郑州鑫港假日酒店,豪华标准房,豪华标间(双床),295.54
郑州鑫港假日酒店,豪华单人房,豪华单间(大床),295.54
郑州鑫港假日酒店,时尚大床房,,325.2
郑州裕达国贸酒店,高级单人间,(不含早),569.92
郑州裕达国贸酒店,豪华房,豪华客房(提前2天预订)(无早),569.92
郑州裕达国贸酒店,商务双人房,商务客房(限量特惠),709.03
郑州粤海酒店,标准大床房,(内宾),291.51
郑州粤海酒店,标准双床房,(内宾),291.51
郑州粤海酒店,高级大床房,(内宾),446.55
郑州正方元锦江国际饭店,高级大床房,(含税费)(中宾),678.01
郑州正方元锦江国际饭店,高级双床房,(含税费)(中宾),686.74
郑州正方元锦江国际饭店,豪华双床房,,739.05
郑州中油花园酒店,高级大床房,(每日特惠房),557.87
郑州中油花园酒店,豪华客房,豪华大床房(每日特惠房),596.8
郑州中油花园酒店,行政双人房,行政双床房(每日特惠房),626.75
郑州中州智选假日酒店,智选标准房,[双早],425.96
重庆JW万豪酒店,豪华房,(双床),910.22
重庆JW万豪酒店,高级房,Premium Room(含税费)(中宾),1159.49
重庆JW万豪酒店,行政房,"Executive Room, Business Lounge Access(含税费)(中宾)",1219.54
重庆奥蓝酒店,高级大床房,(无窗)(限时抢购),196.7
重庆奥蓝酒店,高级双人房,高级双人间(双床)(内宾),350.47
重庆奥蓝酒店,家庭房,(大床)(内宾),391.96
重庆涪陵饭店,特惠单人间,特惠单间(大床)(内宾),217.27
重庆涪陵饭店,行政A标,(双床)(内宾),217.27
重庆涪陵饭店,行政双床房B,行政B标(双床),256.33
重庆光宇戴斯酒店,雅致标准间(无窗),雅致标间(无窗)[双早](景+酒)(双床),257.66
重庆光宇戴斯酒店,精致单人间,精致单间(大床)(内宾),397.42
重庆光宇戴斯酒店,商务单间A,(携程定制房)(大床),398.72
重庆国贸格兰维大酒店,豪华房,豪华大床房(内宾),651.8
重庆国贸格兰维大酒店,豪华商务房,(大床)(内宾),754.43
重庆国贸格兰维大酒店,儿童房,(双床)(内宾),825.4
重庆海逸酒店,高级房,高级单人房-双早H2(大床),474.93
重庆海逸酒店,豪华房,Deluxe Room(含税费)(中宾),589.57
重庆海逸酒店,豪华套房,(内宾),978.51
重庆宏都商务宾馆,特惠大床房,(内宾),122.28
重庆宏都商务宾馆,舒适大床房,(内宾),125.56
重庆宏都商务宾馆,普通单间,(预付劲爆价)(大床),125.91
重庆洪崖洞大酒店,临崖单人房A(无窗),(大床),413.29
重庆洪崖洞大酒店,单人房B,普通单间B(大床)(内宾),433.44
重庆洪崖洞大酒店,临崖标准房A,(双床),503.15
重庆华辰国际大酒店,豪华双人间,豪华标间免费接送机服务二选一(双床),399.42
重庆华辰国际大酒店,豪华大床房,豪华单间免费接送机服务二选一(大床),408.37
重庆华辰国际大酒店,行政双人间,行政标间免费接送机服务二选一(双床),692.03
重庆江北国际机场宾馆,豪华双床房,豪华标间(双床)(内宾),298.06
重庆江北国际机场宾馆,豪华单间,(大床)(内宾),298.06
重庆江北国际机场宾馆,标准套房,(大床)(内宾),633.24
重庆江北希尔顿逸林酒店,逸林双人间,"Room, 2 Twin Beds(含税费)(中宾)",622.33
重庆江北希尔顿逸林酒店,逸林单人间,"Room, 1 Queen Bed(含税费)(中宾)",622.33
重庆江北希尔顿逸林酒店,高级客房,高级双人间(无早)(双床),682.38
重庆解放碑威斯汀酒店,豪华双人房,豪华房(双床)[无早],1105.99
重庆解放碑威斯汀酒店,豪华大床房,豪华房(大床)[无早],1105.99
重庆解放碑威斯汀酒店,威斯汀行政客房,行政高级大床房(内宾),1480.48
重庆金海洋酒店,特惠房,(内宾)(双床),145.58
重庆金海洋酒店,豪华双人房,豪华双床房-限内宾,187.79
重庆金海洋酒店,豪华商务房,-限内宾,208.53
重庆凯宾斯基酒店,豪华房,豪华客房(内宾),594.42
重庆凯宾斯基酒店,超豪华房,尊贵客房(内宾),690.44
重庆凯宾斯基酒店,行政客房,(内宾),882.48
重庆丽笙世嘉酒店,豪华江景大床房,,704.57
重庆丽笙世嘉酒店,高级城景双床房,-限时特惠,743.52
重庆丽笙世嘉酒店,高级城景大床房,-限时特惠,753.34
重庆融汇丽笙酒店,高级客房,Superior Room(含税费)(中宾),522.97
重庆融汇丽笙酒店,豪华客房,Deluxe Room(含税费)(中宾),609.22
重庆融汇丽笙酒店,商务客房,Business Room (Class)(含税费)(中宾),696.57
重庆世纪同辉大酒店,商务双人间,商务标间(双床),350.96
重庆世纪同辉大酒店,豪华标准间,豪华标间(限时特惠)(双床)(内宾),373.71
重庆世纪同辉大酒店,商务单人间,商务单间(大床),417.21
重庆希尔顿酒店,豪华客房,(提前2天预订)(大床),512.71
重庆希尔顿酒店,高级豪华客房,(提前2天预订)(双床),628.62
重庆希尔顿酒店,行政房,行政客房(提前2天预订)(大床),806.5
重庆喜地山戴斯大酒店,高级房(无窗),高级间(无窗)(超值精选)(大床),518.94
重庆喜地山戴斯大酒店,豪华双床房,(免费接送机)（预付）,574.89
重庆喜地山戴斯大酒店,豪华大床房,(内宾),593.94
重庆喜来登大酒店,高级双床房,[都市驴游-可延时14点退房],691.11
重庆喜来登大酒店,高级大床房,Superior Room(含税费)(中宾),743.52
重庆喜来登大酒店,豪华客房,Deluxe Room(含税费)(中宾),864.71
重庆扬子岛酒店,商务经济房(无窗),(大床),285.66
重庆扬子岛酒店,普通大床房,(提前1天预订),383.52
重庆扬子岛酒店,普通双床间,普通双床房[普通双床房],410.52
重庆银河大酒店,商务双人房,商务房(携程定制房)(双床),384.26
重庆银河大酒店,商务大床房,商务房(携程定制房)(大床),384.26
重庆银河大酒店,高级商务大床房,高级商务房(携程定制房)(大床),423.08
重庆渝都大酒店,经济单人房B,(单人入住)[无早](度假),131.02
重庆渝都大酒店,经济单人房A,(单人入住)[无早](度假),163.77
重庆渝都大酒店,标准间B,标准双人房B(双床)(双人入住)[无早],223.82
重庆洲际酒店,高级房,"Superior Room, 1 King Bed(含税费)(中宾)",822.13
重庆洲际酒店,豪华房,Deluxe Room(含税费)(中宾),929.12
重庆洲际酒店,行政房,Club Room(含税费)(中宾),1250.11
珠海昌安假日酒店,豪华商务房,商务豪华客房 大床,292.6
珠海昌安假日酒店,日韩房, 大床,292.6
珠海昌安假日酒店,豪华双人房,豪华房 双床,292.6
珠海德翰大酒店,标准双人房,6-8楼特惠双人房(双床)(双人入住)(内宾)(E专享)[无早],358.11
珠海德翰大酒店,高级大床房,高级山景大床房(会员特惠)(特惠)(非online)(无早),441.69
珠海德翰大酒店,高级双床房,高级山景双床房(无早),506.6
珠海海泉湾维景国际大酒店,园景双人房,(5间起订)(统一拿房退房)(双床),655.08
珠海海泉湾维景国际大酒店,园景单人房,园景大床房(5间起订)(统一拿房退房),655.08
珠海海泉湾维景国际大酒店,高级园景双人房,(住2晚或2晚的倍数)(双床),832.93
珠海海湾大酒店,豪华海景大床房,贵宾楼3-8层(内宾),816.67
珠海海湾大酒店,豪华海景双床房,贵宾楼3-8层(内宾),816.67
珠海海湾大酒店,豪华山景大床房,(内宾),846.15
珠海豪庭商务酒店,高级双床房,(无早)(双床),176.87
珠海豪庭商务酒店,高级大床房,(无早),176.87
珠海豪庭商务酒店,豪华双人房,豪华双床房,205.6
珠海来魅力假日酒店,标准大床房,(双早)(非online),736.97
珠海来魅力假日酒店,标准双床房,(双早)(非online),752.25
珠海来魅力假日酒店,豪华城景大床房,(含税费)(中宾),771.9
珠海南洋海景酒店,豪华城景大床房,(内宾),445.45
珠海南洋海景酒店,豪华双人城景房,豪华城景双床房(双早),465.11
珠海南洋海景酒店,行政城景大床房,行政城景房(大床)(内宾),478.21
珠海庆华国际大酒店,泰式大床房,-不含早（大床）,458.56
珠海庆华国际大酒店,高级房,-不含早(双床),491.31
珠海庆华国际大酒店,行政女士房,-（大床）,751.16
珠海万悦酒店,标准间,标准双床房[双早],521.88
珠海万悦酒店,标准大床房,(内宾),593.94
珠海万悦酒店,高级双人房,-无早(双床),674.73
珠海阳光机场酒店,高级大床房,高级房(大床)[双早](景+酒),215.69
珠海阳光机场酒店,高级房,(双床)(2间起订)[双早],215.69
珠海阳光机场酒店,豪华商务房,(双早)(大床),357.02
珠海怡景湾大酒店,高级城景大床房,(单早)(大床),510.96
珠海怡景湾大酒店,高级城景双人房,高级城景双床房(单早),510.96
珠海怡景湾大酒店,高级海景大床房,(单早)(大床),557.91
珠海银都嘉柏大酒店,标准大床房,-无早,354.84
珠海银都嘉柏大酒店,标准双人房,标准房(提前3天预订),358.52
珠海银都嘉柏大酒店,高级单人房,-无早(大床),379.95
珠海粤海酒店,标准大床房,标准双人房-标准双人房(大床),412.7
珠海粤海酒店,标准双人房,标准双床房(双床)(特惠专享)(双人入住)[无早],436.72
珠海粤海酒店,西楼开放式公寓房,"Apartment, 1 Bedroom(内宾)",485.85
